--
-- PostgreSQL database dump
--

\restrict yWjcU76CBBt9JhFahbQAvv3zXnJsfIEMWFDHvArz1KNfh8WFM5OabSoKhfqvFr7

-- Dumped from database version 16.11 (f45eb12)
-- Dumped by pg_dump version 16.10

SET statement_timeout = 0;
SET lock_timeout = 0;
SET idle_in_transaction_session_timeout = 0;
SET client_encoding = 'UTF8';
SET standard_conforming_strings = on;
SELECT pg_catalog.set_config('search_path', '', false);
SET check_function_bodies = false;
SET xmloption = content;
SET client_min_messages = warning;
SET row_security = off;

--
-- Data for Name: avatars; Type: TABLE DATA; Schema: public; Owner: neondb_owner
--

INSERT INTO public.avatars VALUES ('mascot-01', 'Zestie', '/assets/mascot-biteburst@512.png');
INSERT INTO public.avatars VALUES ('kid-01', 'Skater', '/assets/avatar-kid01.png');
INSERT INTO public.avatars VALUES ('kid-02', 'Artist', '/assets/avatar-kid02.png');
INSERT INTO public.avatars VALUES ('kid-03', 'Explorer', '/assets/avatar-kid03.png');


--
-- Data for Name: badge_catalog; Type: TABLE DATA; Schema: public; Owner: neondb_owner
--

INSERT INTO public.badge_catalog VALUES ('FIRST_FOOD', 'First Food Log', 'Your first healthy step! 🍎', 'food', 1, 1, 'badge_first_food', 'common', true);
INSERT INTO public.badge_catalog VALUES ('FIRST_ACTIVITY', 'First Activity Log', 'Way to move your body! ⚽', 'activity', 1, 1, 'badge_first_activity', 'common', true);
INSERT INTO public.badge_catalog VALUES ('STREAK_3', '3-Day Streak', 'Three days in a row! 🔥', 'streak', 1, 3, 'badge_streak_3', 'common', true);
INSERT INTO public.badge_catalog VALUES ('STREAK_7', 'One-Week Streak', 'One whole week! 🌟', 'streak', 2, 7, 'badge_streak_7', 'uncommon', true);
INSERT INTO public.badge_catalog VALUES ('STREAK_14', 'Two-Week Streak', 'Two weeks strong! 💪', 'streak', 2, 14, 'badge_streak_14', 'uncommon', true);
INSERT INTO public.badge_catalog VALUES ('STREAK_30', '30-Day Streak', 'Legend status! 🏆', 'streak', 3, 30, 'badge_streak_30', 'rare', true);
INSERT INTO public.badge_catalog VALUES ('FOOD_VARIETY_5', 'Fruit Fighter', 'Logged 5 different fruits! 🍓', 'food', 2, 5, 'badge_fruit_variety', 'uncommon', true);
INSERT INTO public.badge_catalog VALUES ('ACTIVITY_10', 'Move Maker', '10 activities logged! 🏃', 'activity', 2, 10, 'badge_activity_10', 'uncommon', true);
INSERT INTO public.badge_catalog VALUES ('COMBO_DAY', 'Fuel + Move', 'Logged food and activity today! ⚡', 'combo', 1, 1, 'badge_combo_day', 'common', true);
INSERT INTO public.badge_catalog VALUES ('WATER_7', 'Water Warrior', 'Drank water 7 days! 💧', 'lifetime', 1, 7, 'badge_water_7', 'common', true);
INSERT INTO public.badge_catalog VALUES ('VEG_VARIETY_5', 'Veggie Victory', 'Tried 5 different vegetables! 🥦', 'food', 2, 5, 'badge_veg_variety', 'uncommon', true);
INSERT INTO public.badge_catalog VALUES ('PR_DAILY_XP', 'XP Champion', 'Your highest XP in a single day! 🏆', 'combo', 3, 1, 'badge_pr_daily_xp', 'rare', true);
INSERT INTO public.badge_catalog VALUES ('PR_LONGEST_STREAK', 'Streak Legend', 'Your longest streak achievement! 🔥', 'streak', 3, 1, 'badge_pr_longest_streak', 'rare', true);


--
-- Data for Name: goals; Type: TABLE DATA; Schema: public; Owner: neondb_owner
--

INSERT INTO public.goals VALUES ('energy', 'Energy ⚡');
INSERT INTO public.goals VALUES ('focus', 'Focus 🧠');
INSERT INTO public.goals VALUES ('strength', 'Strength 💪');


--
-- Data for Name: users; Type: TABLE DATA; Schema: public; Owner: neondb_owner
--

INSERT INTO public.users VALUES ('e85f4f0e-7b3f-4ac1-9cf5-04484cc99cf0', 'Jack', '9-11', 'strength', 'jack@gmail.com', true, 'mascot-01', 'en-GB', 'Asia/Dubai', 0, 0, 'active', '2025-09-29 07:55:59.105115+00', '2025-09-29 07:55:59.105115+00', 0, 1, NULL, false, 'bronze', false, NULL, 'supabase', NULL, 'us-common-core');
INSERT INTO public.users VALUES ('828204a6-0c42-49ba-80bd-00fdd37904d4', 'Neet', '9-11', 'energy', 'neetadusanjh@gmail.com', true, NULL, 'en-GB', 'Asia/Dubai', 0, 1, 'active', '2026-01-25 11:45:32.58457+00', '2026-01-27 06:47:01.603627+00', 35, 1, '2026-01-27 06:47:01.583', false, 'bronze', false, 'neetadusanjh@gmail.com', 'supabase', 'eee1cc28-3bc6-43a7-a1cc-2ec6cec9a549', 'uk-ks2-ks3');
INSERT INTO public.users VALUES ('5cac427b-7de6-4145-821a-06968139d5fc', 'Mia', '9-11', 'energy', 'mia@gmail.com', true, 'kid-01', 'en-GB', 'Asia/Dubai', 0, 5, 'active', '2025-10-21 07:27:48.632913+00', '2025-10-25 07:46:55.329004+00', 975, 10, '2025-10-25 07:46:08.894', false, 'bronze', false, NULL, 'supabase', NULL, 'us-common-core');
INSERT INTO public.users VALUES ('9ae6e880-f61c-4ff9-83b0-51b24406960f', 'Amar', '12-14', 'strength', 'amardusanjh11@gmail.com', true, 'kid-01', 'en-GB', 'Asia/Dubai', 0, 1, 'active', '2025-09-19 08:49:33.522942+00', '2025-09-19 08:57:27.496453+00', 110, 2, '2025-09-19 08:56:58.864', false, 'bronze', false, NULL, 'supabase', NULL, 'us-common-core');
INSERT INTO public.users VALUES ('c67f3928-1e01-4c26-80c3-976857cdb168', 'mia', '9-11', 'strength', 'mia1@gmail.com', true, 'mascot-01', 'en-GB', 'Asia/Dubai', 0, 1, 'active', '2025-10-26 07:59:01.034264+00', '2025-10-26 08:01:27.961319+00', 40, 1, '2025-10-26 08:00:16.555', false, 'bronze', false, NULL, 'supabase', NULL, 'us-common-core');
INSERT INTO public.users VALUES ('616d1721-7d9b-4e9f-afd1-fb83322650f2', 'amar', '12-14', 'focus', 'amardusanjh@icloud.com', true, 'kid-03', 'en-GB', 'Asia/Dubai', 0, 0, 'active', '2025-09-16 07:22:44.801062+00', '2025-09-16 07:22:44.801062+00', 0, 1, NULL, false, 'bronze', false, NULL, 'supabase', NULL, 'us-common-core');
INSERT INTO public.users VALUES ('eca92b65-fe2d-42ed-8827-3edaba265027', 'Sam', '9-11', 'strength', 'sam@gmail.com', true, 'mascot-01', 'en-GB', 'Asia/Dubai', 0, 1, 'active', '2025-09-29 07:58:50.75533+00', '2025-09-29 08:02:17.720462+00', 180, 2, '2025-09-29 08:00:05.806', false, 'bronze', false, NULL, 'supabase', NULL, 'us-common-core');
INSERT INTO public.users VALUES ('043193fe-b3a4-4971-8201-6ac50f879c65', 'Test User 7', '9-11', 'energy', 'test7@example.com', false, 'mascot-01', 'en-GB', NULL, 0, 0, 'active', '2025-08-31 08:50:08.679652+00', '2025-09-06 06:12:58.265601+00', 0, 1, NULL, false, 'bronze', false, NULL, 'supabase', NULL, 'us-common-core');
INSERT INTO public.users VALUES ('3e050ca4-9f67-4998-8b6f-fde881826c9c', 'Test User 4', '9-11', 'energy', 'test4@example.com', false, 'mascot-01', 'en-GB', NULL, 0, 0, 'active', '2025-08-31 08:50:08.679652+00', '2025-09-06 06:12:58.265601+00', 0, 1, NULL, false, 'bronze', false, NULL, 'supabase', NULL, 'us-common-core');
INSERT INTO public.users VALUES ('bdc27d70-f2bb-470c-9bfa-9cdfc9112d4e', 'neeta', '12-14', 'focus', 'ninety-spindly0i@icloud.com', false, 'mascot-01', 'en-GB', NULL, 435, 1, 'active', '2025-08-31 08:50:08.679652+00', '2025-10-20 08:29:35.796843+00', 3275, 14, '2025-10-20 08:29:35.777', false, 'bronze', false, NULL, 'supabase', NULL, 'us-common-core');
INSERT INTO public.users VALUES ('86acf4b5-c281-40b9-a615-38c2c00d5428', 'Alex K.', '9-11', 'energy', NULL, true, 'mascot-01', 'en-GB', NULL, 0, 7, 'active', '2026-01-26 06:56:46.670853+00', '2026-01-26 06:56:46.670853+00', 120, 2, NULL, false, 'bronze', true, NULL, 'supabase', NULL, 'us-common-core');
INSERT INTO public.users VALUES ('52e094d1-ec7c-4dbf-b184-969962a73e55', 'Sam P.', '9-11', 'energy', NULL, true, 'mascot-01', 'en-GB', NULL, 0, 5, 'active', '2026-01-26 06:56:46.724679+00', '2026-01-26 06:56:46.724679+00', 115, 2, NULL, false, 'bronze', true, NULL, 'supabase', NULL, 'us-common-core');
INSERT INTO public.users VALUES ('5ae1bdce-024c-4048-8b1b-f3d9aa241763', 'Jordan M.', '9-11', 'energy', NULL, true, 'mascot-01', 'en-GB', NULL, 0, 4, 'active', '2026-01-26 06:56:46.764961+00', '2026-01-26 06:56:46.764961+00', 110, 2, NULL, false, 'bronze', true, NULL, 'supabase', NULL, 'us-common-core');
INSERT INTO public.users VALUES ('e68ca1ac-04fc-455e-92a3-be82a607dd1c', 'Casey R.', '9-11', 'energy', NULL, true, 'mascot-01', 'en-GB', NULL, 0, 6, 'active', '2026-01-26 06:56:46.814965+00', '2026-01-26 06:56:46.814965+00', 105, 2, NULL, false, 'bronze', true, NULL, 'supabase', NULL, 'us-common-core');
INSERT INTO public.users VALUES ('22f1864a-f978-40ed-a2ee-548e16796530', 'Taylor L.', '9-11', 'energy', NULL, true, 'mascot-01', 'en-GB', NULL, 0, 3, 'active', '2026-01-26 06:56:46.852451+00', '2026-01-26 06:56:46.852451+00', 100, 2, NULL, false, 'bronze', true, NULL, 'supabase', NULL, 'us-common-core');
INSERT INTO public.users VALUES ('62a09a81-a1f2-49d8-b5bc-f91a8284b89c', 'Riley B.', '9-11', 'energy', NULL, true, 'mascot-01', 'en-GB', NULL, 0, 4, 'active', '2026-01-26 06:56:46.889321+00', '2026-01-26 06:56:46.889321+00', 95, 1, NULL, false, 'bronze', true, NULL, 'supabase', NULL, 'us-common-core');
INSERT INTO public.users VALUES ('f209d663-3ec5-4cd1-aa67-468171e0b3e7', 'Morgan W.', '9-11', 'energy', NULL, true, 'mascot-01', 'en-GB', NULL, 0, 2, 'active', '2026-01-26 06:56:46.926752+00', '2026-01-26 06:56:46.926752+00', 90, 1, NULL, false, 'bronze', true, NULL, 'supabase', NULL, 'us-common-core');
INSERT INTO public.users VALUES ('9c201dad-a60e-474e-a64e-db47d755af17', 'Avery C.', '9-11', 'energy', NULL, true, 'mascot-01', 'en-GB', NULL, 0, 5, 'active', '2026-01-26 06:56:46.964315+00', '2026-01-26 06:56:46.964315+00', 85, 1, NULL, false, 'bronze', true, NULL, 'supabase', NULL, 'us-common-core');
INSERT INTO public.users VALUES ('23541eb1-46e5-4ade-b919-0c51c8ecf041', 'Quinn D.', '9-11', 'energy', NULL, true, 'mascot-01', 'en-GB', NULL, 0, 3, 'active', '2026-01-26 06:56:47.003691+00', '2026-01-26 06:56:47.003691+00', 80, 1, NULL, false, 'bronze', true, NULL, 'supabase', NULL, 'us-common-core');
INSERT INTO public.users VALUES ('d8e486dd-9c38-4659-bc05-c201380dbddd', 'Sage F.', '9-11', 'energy', NULL, true, 'mascot-01', 'en-GB', NULL, 0, 4, 'active', '2026-01-26 06:56:47.039988+00', '2026-01-26 06:56:47.039988+00', 75, 1, NULL, false, 'bronze', true, NULL, 'supabase', NULL, 'us-common-core');
INSERT INTO public.users VALUES ('7eb65fcc-0c10-4c32-9e2e-24deec4e6e95', 'River T.', '9-11', 'energy', NULL, true, 'mascot-01', 'en-GB', NULL, 0, 2, 'active', '2026-01-26 06:56:47.077861+00', '2026-01-26 06:56:47.077861+00', 70, 1, NULL, false, 'bronze', true, NULL, 'supabase', NULL, 'us-common-core');
INSERT INTO public.users VALUES ('4a978361-d3d6-45af-97a7-2f8af3384965', 'Gurmat', '12-14', 'focus', 'gurmat@hotmail.co.uk', true, 'kid-01', 'en-GB', 'Asia/Dubai', 0, 1, 'active', '2025-09-16 13:10:55.35516+00', '2025-09-16 13:15:31.999115+00', 65, 1, '2025-09-16 13:15:32.006', false, 'bronze', false, NULL, 'supabase', NULL, 'us-common-core');
INSERT INTO public.users VALUES ('266f13f6-f4bd-43de-924f-79a7bd1c7006', 'Rowan H.', '9-11', 'energy', NULL, true, 'mascot-01', 'en-GB', NULL, 0, 3, 'active', '2026-01-26 06:56:47.119942+00', '2026-01-26 06:56:47.119942+00', 65, 1, NULL, false, 'bronze', true, NULL, 'supabase', NULL, 'us-common-core');
INSERT INTO public.users VALUES ('2319fb3d-28ca-4fed-bffb-007b9ed08c3f', 'Blake S.', '9-11', 'energy', NULL, true, 'mascot-01', 'en-GB', NULL, 0, 1, 'active', '2026-01-26 06:56:47.15845+00', '2026-01-26 06:56:47.15845+00', 60, 1, NULL, false, 'bronze', true, NULL, 'supabase', NULL, 'us-common-core');
INSERT INTO public.users VALUES ('1e316e2f-4f73-45ff-9c21-2cb0192df317', 'Drew N.', '9-11', 'energy', NULL, true, 'mascot-01', 'en-GB', NULL, 0, 4, 'active', '2026-01-26 06:56:47.196145+00', '2026-01-26 06:56:47.196145+00', 55, 1, NULL, false, 'bronze', true, NULL, 'supabase', NULL, 'us-common-core');
INSERT INTO public.users VALUES ('595796e3-55a5-48b9-af7b-b553a443a334', 'Finley G.', '9-11', 'energy', NULL, true, 'mascot-01', 'en-GB', NULL, 0, 2, 'active', '2026-01-26 06:56:47.234751+00', '2026-01-26 06:56:47.234751+00', 50, 1, NULL, false, 'bronze', true, NULL, 'supabase', NULL, 'us-common-core');
INSERT INTO public.users VALUES ('816807ca-bbc8-4050-ad82-dab6aded6efd', 'Emery J.', '9-11', 'energy', NULL, true, 'mascot-01', 'en-GB', NULL, 0, 3, 'active', '2026-01-26 06:56:47.272807+00', '2026-01-26 06:56:47.272807+00', 45, 1, NULL, false, 'bronze', true, NULL, 'supabase', NULL, 'us-common-core');
INSERT INTO public.users VALUES ('34887d00-28a6-43fa-b9f0-486298fc96f5', 'Phoenix V.', '9-11', 'energy', NULL, true, 'mascot-01', 'en-GB', NULL, 0, 1, 'active', '2026-01-26 06:56:47.310034+00', '2026-01-26 06:56:47.310034+00', 40, 1, NULL, false, 'bronze', true, NULL, 'supabase', NULL, 'us-common-core');
INSERT INTO public.users VALUES ('95fca22b-198f-4995-911c-c64e0e05b376', 'Skyler Y.', '9-11', 'energy', NULL, true, 'mascot-01', 'en-GB', NULL, 0, 2, 'active', '2026-01-26 06:56:47.347337+00', '2026-01-26 06:56:47.347337+00', 35, 1, NULL, false, 'bronze', true, NULL, 'supabase', NULL, 'us-common-core');
INSERT INTO public.users VALUES ('b5a4b92e-b1ec-4b91-adcc-13e5a2ede09b', 'Dakota Z.', '9-11', 'energy', NULL, true, 'mascot-01', 'en-GB', NULL, 0, 1, 'active', '2026-01-26 06:56:47.384186+00', '2026-01-26 06:56:47.384186+00', 30, 1, NULL, false, 'bronze', true, NULL, 'supabase', NULL, 'us-common-core');
INSERT INTO public.users VALUES ('963e3f52-cf48-493b-b6b0-cc16bef238da', 'Hayden X.', '9-11', 'energy', NULL, true, 'mascot-01', 'en-GB', NULL, 0, 2, 'active', '2026-01-26 06:56:47.421148+00', '2026-01-26 06:56:47.421148+00', 25, 1, NULL, false, 'bronze', true, NULL, 'supabase', NULL, 'us-common-core');
INSERT INTO public.users VALUES ('ab4d47ba-30e0-4801-8a47-17383a7b3acc', 'Peyton Q.', '9-11', 'energy', NULL, true, 'mascot-01', 'en-GB', NULL, 0, 1, 'active', '2026-01-26 06:56:47.457113+00', '2026-01-26 06:56:47.457113+00', 20, 1, NULL, false, 'bronze', true, NULL, 'supabase', NULL, 'us-common-core');
INSERT INTO public.users VALUES ('a579684c-3b93-48e4-b2e3-f76fa55a50bb', 'Remy U.', '9-11', 'energy', NULL, true, 'mascot-01', 'en-GB', NULL, 0, 1, 'active', '2026-01-26 06:56:47.494212+00', '2026-01-26 06:56:47.494212+00', 18, 1, NULL, false, 'bronze', true, NULL, 'supabase', NULL, 'us-common-core');
INSERT INTO public.users VALUES ('25a1a45e-74c7-4cb9-9f05-49785fe3531e', 'Lane I.', '9-11', 'energy', NULL, true, 'mascot-01', 'en-GB', NULL, 0, 1, 'active', '2026-01-26 06:56:47.530946+00', '2026-01-26 06:56:47.530946+00', 15, 1, NULL, false, 'bronze', true, NULL, 'supabase', NULL, 'us-common-core');
INSERT INTO public.users VALUES ('c9f2405d-7dee-4a8d-b776-19b5cf96ae2d', 'Reese O.', '9-11', 'energy', NULL, true, 'mascot-01', 'en-GB', NULL, 0, 0, 'active', '2026-01-26 06:56:47.567714+00', '2026-01-26 06:56:47.567714+00', 12, 1, NULL, false, 'bronze', true, NULL, 'supabase', NULL, 'us-common-core');
INSERT INTO public.users VALUES ('a6030752-85f1-4072-adaa-833f7eb100e2', 'Kai E.', '9-11', 'energy', NULL, true, 'mascot-01', 'en-GB', NULL, 0, 1, 'active', '2026-01-26 06:56:47.6044+00', '2026-01-26 06:56:47.6044+00', 10, 1, NULL, false, 'bronze', true, NULL, 'supabase', NULL, 'us-common-core');
INSERT INTO public.users VALUES ('d536b15b-7426-45ac-88ff-ef4abfb533ee', 'Nova A.', '9-11', 'energy', NULL, true, 'mascot-01', 'en-GB', NULL, 0, 0, 'active', '2026-01-26 06:56:47.641608+00', '2026-01-26 06:56:47.641608+00', 8, 1, NULL, false, 'bronze', true, NULL, 'supabase', NULL, 'us-common-core');
INSERT INTO public.users VALUES ('1999f1be-f45f-4ede-8f1e-839d69e0bf03', 'Sage M.', '9-11', 'energy', NULL, true, 'mascot-01', 'en-GB', NULL, 0, 0, 'active', '2026-01-26 06:56:47.682042+00', '2026-01-26 06:56:47.682042+00', 5, 1, NULL, false, 'bronze', true, NULL, 'supabase', NULL, 'us-common-core');
INSERT INTO public.users VALUES ('ba9ad20e-1e0a-4318-bee0-c7b51dc1e2c2', 'River C.', '9-11', 'energy', NULL, true, 'mascot-01', 'en-GB', NULL, 0, 0, 'active', '2026-01-26 06:56:47.719442+00', '2026-01-26 06:56:47.719442+00', 3, 1, NULL, false, 'bronze', true, NULL, 'supabase', NULL, 'us-common-core');
INSERT INTO public.users VALUES ('b47cef12-b986-4d6b-b169-a2ae43adf3df', 'Wren L.', '9-11', 'energy', NULL, true, 'mascot-01', 'en-GB', NULL, 0, 0, 'active', '2026-01-26 06:56:47.75694+00', '2026-01-26 06:56:47.75694+00', 2, 1, NULL, false, 'bronze', true, NULL, 'supabase', NULL, 'us-common-core');
INSERT INTO public.users VALUES ('aa5750ab-1486-48e1-975b-bdb786d7670d', 'Bay R.', '9-11', 'energy', NULL, true, 'mascot-01', 'en-GB', NULL, 0, 0, 'active', '2026-01-26 06:56:47.793744+00', '2026-01-26 06:56:47.793744+00', 1, 1, NULL, false, 'bronze', true, NULL, 'supabase', NULL, 'us-common-core');


--
-- Data for Name: badges; Type: TABLE DATA; Schema: public; Owner: neondb_owner
--

INSERT INTO public.badges VALUES ('bdc27d70-f2bb-470c-9bfa-9cdfc9112d4e', 'FOOD_VARIETY_5', '2025-09-08 12:15:00.422', 0);
INSERT INTO public.badges VALUES ('bdc27d70-f2bb-470c-9bfa-9cdfc9112d4e', 'COMBO_DAY', '2025-09-08 12:15:00.499', 0);
INSERT INTO public.badges VALUES ('bdc27d70-f2bb-470c-9bfa-9cdfc9112d4e', 'PR_DAILY_XP', '2025-09-09 10:43:36.881', 0);
INSERT INTO public.badges VALUES ('bdc27d70-f2bb-470c-9bfa-9cdfc9112d4e', 'PR_LONGEST_STREAK', '2025-09-09 10:43:36.962', 0);
INSERT INTO public.badges VALUES ('bdc27d70-f2bb-470c-9bfa-9cdfc9112d4e', 'VEG_VARIETY_5', '2025-09-09 13:00:27.696', 0);
INSERT INTO public.badges VALUES ('4a978361-d3d6-45af-97a7-2f8af3384965', 'FIRST_FOOD', '2025-09-16 13:12:01.73', 0);
INSERT INTO public.badges VALUES ('4a978361-d3d6-45af-97a7-2f8af3384965', 'PR_DAILY_XP', '2025-09-16 13:12:01.808', 0);
INSERT INTO public.badges VALUES ('4a978361-d3d6-45af-97a7-2f8af3384965', 'FIRST_ACTIVITY', '2025-09-16 13:13:00.004', 0);
INSERT INTO public.badges VALUES ('4a978361-d3d6-45af-97a7-2f8af3384965', 'COMBO_DAY', '2025-09-16 13:13:00.082', 0);
INSERT INTO public.badges VALUES ('9ae6e880-f61c-4ff9-83b0-51b24406960f', 'FIRST_FOOD', '2025-09-19 08:53:51.951', 0);
INSERT INTO public.badges VALUES ('9ae6e880-f61c-4ff9-83b0-51b24406960f', 'PR_DAILY_XP', '2025-09-19 08:53:52.038', 0);
INSERT INTO public.badges VALUES ('9ae6e880-f61c-4ff9-83b0-51b24406960f', 'FIRST_ACTIVITY', '2025-09-19 08:56:50.154', 0);
INSERT INTO public.badges VALUES ('9ae6e880-f61c-4ff9-83b0-51b24406960f', 'COMBO_DAY', '2025-09-19 08:56:50.232', 0);
INSERT INTO public.badges VALUES ('eca92b65-fe2d-42ed-8827-3edaba265027', 'FIRST_FOOD', '2025-09-29 07:59:29.677', 0);
INSERT INTO public.badges VALUES ('eca92b65-fe2d-42ed-8827-3edaba265027', 'PR_DAILY_XP', '2025-09-29 07:59:29.76', 0);
INSERT INTO public.badges VALUES ('eca92b65-fe2d-42ed-8827-3edaba265027', 'FIRST_ACTIVITY', '2025-09-29 07:59:57.001', 0);
INSERT INTO public.badges VALUES ('eca92b65-fe2d-42ed-8827-3edaba265027', 'COMBO_DAY', '2025-09-29 07:59:57.079', 0);
INSERT INTO public.badges VALUES ('5cac427b-7de6-4145-821a-06968139d5fc', 'FIRST_FOOD', '2025-10-21 07:28:45.265', 0);
INSERT INTO public.badges VALUES ('5cac427b-7de6-4145-821a-06968139d5fc', 'PR_DAILY_XP', '2025-10-21 07:28:45.342', 0);
INSERT INTO public.badges VALUES ('5cac427b-7de6-4145-821a-06968139d5fc', 'FIRST_ACTIVITY', '2025-10-21 07:29:42.812', 0);
INSERT INTO public.badges VALUES ('5cac427b-7de6-4145-821a-06968139d5fc', 'COMBO_DAY', '2025-10-21 07:29:42.884', 0);
INSERT INTO public.badges VALUES ('c67f3928-1e01-4c26-80c3-976857cdb168', 'FIRST_FOOD', '2025-10-26 08:00:07.904', 0);
INSERT INTO public.badges VALUES ('c67f3928-1e01-4c26-80c3-976857cdb168', 'PR_DAILY_XP', '2025-10-26 08:00:07.977', 0);
INSERT INTO public.badges VALUES ('828204a6-0c42-49ba-80bd-00fdd37904d4', 'FIRST_FOOD', '2026-01-27 03:54:42.309', 0);
INSERT INTO public.badges VALUES ('828204a6-0c42-49ba-80bd-00fdd37904d4', 'PR_DAILY_XP', '2026-01-27 03:54:42.388', 0);
INSERT INTO public.badges VALUES ('828204a6-0c42-49ba-80bd-00fdd37904d4', 'FIRST_ACTIVITY', '2026-01-27 03:55:10.216', 0);
INSERT INTO public.badges VALUES ('828204a6-0c42-49ba-80bd-00fdd37904d4', 'COMBO_DAY', '2026-01-27 03:55:10.291', 0);


--
-- Data for Name: leaderboard_cache; Type: TABLE DATA; Schema: public; Owner: neondb_owner
--



--
-- Data for Name: league_boards; Type: TABLE DATA; Schema: public; Owner: neondb_owner
--

INSERT INTO public.league_boards VALUES ('d139e5b3-e0de-4b5f-9435-6fb660a798a6', '2025-09-08', 'bronze', '["64efc1c3-5f5e-4527-8842-e94de17459c1","c90d9223-436c-421e-bdc9-7dbcda084102","bccad439-6f44-4ccd-9cbe-8ac208cd78a6","b6f0f792-6049-4e44-a00d-2a1be01b7ad8","cc664cd7-aae4-475e-9510-edf2d94a4f33","a5215344-8ee5-4a36-9a88-5bfbd13a5717","591e3617-c4c2-4049-8eb2-5c0c480f4329","91876d21-70bf-4931-9989-be03c670168e","e1c9caa5-cf2d-4424-89b8-6405b825c440","1461e898-3547-44f5-b1cf-5e2b12ea3ea5","4963279d-1a42-47b4-84a4-4951ef778ead","86d67a3b-9c0d-4380-875e-240d79058ece","2c46f250-3269-4f86-bd9b-8d90e8117a56","a95d567b-6a3c-4cd6-a363-b06eede2fc7a","7ea58ff7-9c3c-4ef5-a2e7-3a2861902469","1c9d7e0d-6887-4d24-a640-5a5a6525bd00","19dd9223-2310-4cc1-8637-bb6f87b23f0c","5ae6b20e-03e6-4ebf-9db8-9aca92cb9d54","26c6b7e0-34bd-4a98-bddb-695f6b3b6ff8","7f48f75e-10f0-43d2-9c8c-08eb9c958ef9","90bb328d-788d-4fc6-8a32-4fa364550c36","e8830362-9fc1-4b6b-af4f-008b8f8c544e","f4600c10-0b21-4976-81a3-ec1c4d137635","7efddc20-1ac1-4a3f-96fe-9177c3830e93","769a2854-120c-4f4a-bcf8-03380029993f","d3fafcde-e1a6-40e5-9c80-9693cd93c5bb","5d3aeea6-33d6-40b3-9196-f19829264aa5","f85da368-adaf-489f-b54c-b885b7ec8b69","daca80a5-01c1-40b7-8922-9cbe74d9a11e","a999671f-dd47-4841-a930-f0713007ddd5","bdc27d70-f2bb-470c-9bfa-9cdfc9112d4e"]', '2025-09-08 13:43:33.865784+00');
INSERT INTO public.league_boards VALUES ('ced9c934-679e-485e-bb2a-ba6ee5a7c779', '2025-09-15', 'bronze', '["30b38395-1680-4695-8c6a-6fcbc8682846","83c7ad41-f7f1-4de8-bdf1-cebd57321eca","faa7df3c-86af-4fea-a230-fd7bc97c2f20","79b9141c-9f70-4949-b324-0b31288cccfa","5a44f815-fb5d-4e27-bf57-1b5119d46aca","5545aca4-2d8f-4b17-9ea4-441069cb9579","3a62df92-0803-4498-8002-109aa784e6f9","2237e187-cb58-4e54-a872-30840243cbb0","070a8057-2d65-4e50-a3ec-942a5223cbc2","d92607c8-8b48-450e-b56f-1770cd5fc5b1","ebb1da9c-116f-403e-93df-28099c1fc023","3a5fad16-b5ed-4856-a5e9-51a0937468c1","efee87ed-676c-4e97-8eba-8da25f85fa61","d29fd654-2355-44dc-84f5-3eac9b660027","042a9a33-40ed-4a40-8a44-51194f88b2f5","6deec8c8-86b8-42b3-8b6c-b33880a688f1","457554fc-96d4-4eba-b642-85348d95a9bc","987d7d51-d164-4807-ac16-bd16fcb33f86","87b409ea-82b1-473d-8c4e-9e37647417c0","2c2d8408-3ba0-47b1-b154-fbac169e896a","d26c726f-7f8d-421d-b8a6-c4881e3091cb","9d0e57ad-5be1-4097-866f-e0276e7b130c","7eff9bb6-2376-4b1c-9ee0-6c226d94e402","277fb5f1-88ae-4ba5-9493-34eaac9378ca","e909884d-f4a1-45d5-9b6d-37a7e6bfa445","919f62b0-3d6b-4098-8db1-26b42f268232","4175644c-a4a2-41a7-b98c-412b0451b167","086b6a18-2034-47d2-b273-eaf35b053e7f","fbbe75e7-3a97-4714-bac3-41f57484a16f","35332b6e-f545-4ee4-b754-1384e748e56d","bdc27d70-f2bb-470c-9bfa-9cdfc9112d4e","4a978361-d3d6-45af-97a7-2f8af3384965","9ae6e880-f61c-4ff9-83b0-51b24406960f"]', '2025-09-16 08:54:52.631903+00');
INSERT INTO public.league_boards VALUES ('10c4f500-b122-4616-a7dd-b56a2985bae2', '2025-09-22', 'bronze', '["4d73bb70-be31-45cc-aa28-b9798906446c","95ef4e23-62fc-4e24-9719-0130b99d65aa","7068ec32-f441-4abb-8b33-e4e1d9a60895","d0675fe5-9667-462f-ae99-e563f109b9ab","88cad017-3ee7-4788-a593-2aad3b5fadeb","4d0cc271-ea49-4acc-8a65-2b89d044caac","82f41eb9-7504-4137-8c67-539790a6583a","d00477fd-00ee-41b0-8b4f-ad8d7a850266","a8d54c59-9ab1-4700-9975-f59bb4f86a3d","2447524c-5839-4c8f-b16d-7e4f17afc2a2","f554c6e4-7f30-4736-8e39-f22a6007d41b","017d0cb4-1238-4a20-b65a-a16474ef1108","8b4647b9-2bd2-4d25-b946-bd4711c789eb","40828cfe-7eea-42e6-bbcf-c40a2cf9d944","ce6d802f-ca4b-4e83-b2e0-36ace6498b1d","83688b47-cc14-4382-8e2d-fd645711e02e","24e435b4-78c8-4e1d-ac3b-27379701cea6","cbb1e433-a273-4299-972b-a86fb7385d60","c0d5cde7-c09c-4f11-8299-5deebd79e12c","8ddd938d-9f32-4bd5-9c48-89369ee19f47","6a77a95a-af6f-45bf-92f0-e5c13a40bd14","1f3f46df-da18-4cc0-a3bf-c1528aebc0b7","609d09da-205f-4154-920a-84eafec034c3","99a7e336-d944-42f3-8171-8fafcef16f50","bdbbaa78-35bc-4e2a-a759-38353f06d4a9","a2abb05f-c56a-431d-a201-b79a97c546fb","83a80e45-a782-4bc2-93b5-7d94c6dec0ea","841edaf1-c32e-41cb-b4e5-e187ffbc925f","0ce721a5-317d-4a02-8fac-2d188d7e810f","953062ab-56ba-4eb9-bf89-47485604fad1","bdc27d70-f2bb-470c-9bfa-9cdfc9112d4e"]', '2025-09-22 08:21:17.916447+00');
INSERT INTO public.league_boards VALUES ('e9d45e57-1721-4260-86b0-ca86ba7ce715', '2026-01-12', 'bronze', '["d084f697-0d70-4d90-b111-9786bffe7462","f454c6a5-1745-413c-bc07-91f43d144741","ef7967a7-5882-49f3-8e9e-9d6c19748a31","161ae476-07ec-4c77-8692-8e5879713a31","29abb835-50b1-455d-94fc-2735f48cee2f","29708294-3672-42c7-b7d8-756659b01095","c25fc958-bda7-4682-860a-2e44b5ff6f82","78bfc139-1f33-4748-bfb2-7791543b9d6f","d64956ca-51ce-40f7-8ad3-458e0b7f50ac","297dff08-e949-48e3-b0e9-14f6a31c96cd","c241165c-dfe3-4078-998a-47842870ad17","7f5f064e-6a61-4ef2-806c-59202ee23907","effb504a-e554-40d7-999b-6a51d00d9b7b","b7401b7e-2cb4-4604-889c-67e71af92152","8af669f2-8842-4f4e-911c-e55aa01c830d","9f838e97-b532-4011-8743-fb88ddf64c45","3cd8ec63-95f7-42bc-8f86-9483d1f57063","0162608f-0f42-4901-bc7c-eacd756a42fa","f7cf2e1d-f68b-4dc0-b0b0-b3e95cc4aafb","e6bd9c9b-f5d4-425e-8ab3-6d9b47371227","3a3f11ce-d7be-4f7c-b183-0db9c85f281c","d54c69ef-94f5-4797-92a6-a022ad968455","931e938a-9250-42d2-b785-743d8f9d2e57","753bb49e-ff57-4b24-8e39-d7738b03326e","58a3a32f-9b51-4d77-8690-31b705c86e0d","196eb7c2-4f5c-4c1e-aff9-ceaecfb36284","55e49e7b-d5f7-4e96-b687-e4e6657617d3","b36e0590-85e6-4704-bd35-ebe667d033f3","984057ec-f001-4728-9b8c-1575afab59e3","0ad4f624-0409-4055-aa57-d9630108dff3"]', '2026-01-14 13:39:33.231096+00');
INSERT INTO public.league_boards VALUES ('bdcd7f9e-47c8-42ad-b94a-414c427a0174', '2025-09-29', 'bronze', '["fe573a81-282d-402c-9bef-61fcf21fd2fd","77b5569f-a66f-40bd-acf2-f12e2592a427","c47a919c-9092-4409-aec9-bdca7e57844a","ca1d65e4-0e83-40d2-9fa2-c0b3e74f91dc","13c49b83-6308-4e25-a4fa-144f9fafb07c","39c1bfbd-eb8d-4b35-b8e2-ebe614582d72","d59807cd-fff8-4432-9768-afb345ac1542","cd990741-aeac-480b-b755-aec04f999cc7","c621cfc7-3439-43b3-bf45-d09554c8c9e8","2b9e50a7-e6b7-43fb-a2e7-0e052309a4a0","8dd17f8a-2404-4e15-bf65-43ff507b08b0","b1efb216-60ff-4bab-ae7b-acffed41d6e0","1a5f9ff4-b81e-4e51-b133-91b2a18abf68","f8507f29-7bfa-4e1f-9f79-5883cfa7e031","f6399842-f607-4a31-b070-d74818c41ecc","b138cfc4-cee1-4acb-af17-108a7b569c8e","caf9f2c5-6a2f-4641-ab54-b7080758940a","88fd213f-a59a-4ed9-b31a-343bfaeb77ae","b903ecde-0c80-4ed5-bb76-dfb87164404f","2ef6b16d-e1eb-4872-a3d2-c0e2d21197ac","a0944f23-bc70-43d8-bd51-7bb05e62fb31","a7c6c3fb-2bad-4b3a-a644-490d229e9cb5","1df98f8a-4f91-4dde-8aab-fdbf4d597f50","3ebe3ce2-5795-4924-93fb-7d3b8ab45c3d","94b53e5e-acbe-4a47-82a2-d234c735c12e","6ab2deb1-d2a8-47f1-b21f-265ec5eca6cf","f04088c4-a932-4444-a466-307c3d180c29","bd17e980-9fe4-4550-99d2-a477d150ab9e","393749b5-8c2a-43aa-85d0-17d11997c4d6","45317c8e-3cc5-47e2-b51e-25da7a95607d","bdc27d70-f2bb-470c-9bfa-9cdfc9112d4e","eca92b65-fe2d-42ed-8827-3edaba265027"]', '2025-09-29 06:46:27.780651+00');
INSERT INTO public.league_boards VALUES ('617448c1-7e68-45d2-b5c0-c9d6861cb980', '2025-10-20', 'bronze', '["765eb53f-ef6b-4f6f-8ae6-555f3260cb47","dd5475dd-258d-400d-b0ff-d9f1e5b9fa9b","5531e67d-ca51-4e87-831f-9edf3eef38b2","a26f6e9f-3e1c-480b-8832-e00cae40f013","95fe3891-e103-4a4e-914c-2bc4967bd0f1","cb63f59b-6553-4f36-bf8d-f0f385d56d35","89bd55ee-f53e-4b01-b8c1-4b0dd8f85213","84c20d06-9a6b-4238-a293-34da550e8097","ce6123d6-6af9-464e-8cf4-ccdf24dbb16f","f22a6947-bd77-4f3f-8498-c7b419fd50ba","516f02e6-1fc3-4927-ae1d-045886125ac6","23039f65-2ae2-4be3-a6bc-eb289b1a9f1e","eba9f331-4695-44cf-bb8b-d077c821b10e","838131fe-d4d9-41e1-9ca4-ae2f73b0f98c","af170b3c-560e-4417-b9c4-4d5c23b1b23d","74752e8c-cd70-4487-890c-1dbb835b8e99","90de0a29-7724-49b5-b2c0-16c3f5f0af85","2d926dae-f961-495f-ab9a-a94c4756fa3a","c8acf53d-df90-4690-a803-42ae5734e11f","b9e31044-2fb3-4789-b268-71427626480f","79be0e38-629f-49e3-a321-42cef202bd5f","169262dd-97ad-4097-b868-bf392492bd20","ca71fd15-b125-4384-87e5-89ca2a311e28","5f1bda7f-3577-4261-a4ac-8ad9d167fcba","04b79c48-3084-441f-80b7-c84fcdf003c2","086485b3-1f81-455d-a519-c16090c87ed2","f5475615-4c60-4f05-8219-34f9e3cf4002","db9d62be-ba30-46ba-88f0-0377190b48b9","f83f63e3-e40c-4bba-803d-d8827d688ec4","682aecaf-d3bb-42a5-8d5d-cfc4818de803","5cac427b-7de6-4145-821a-06968139d5fc","c67f3928-1e01-4c26-80c3-976857cdb168"]', '2025-10-25 07:41:10.56041+00');
INSERT INTO public.league_boards VALUES ('14f4acf3-dd80-4d2b-a1fe-bcbde8765ba6', '2026-01-19', 'bronze', '["60354767-3a3e-43d0-b46c-582026882e16","fe90c190-c562-43af-8a63-6f3294ce9f77","f99b39cf-427e-43e7-9a81-15cb4682abb9","96f5ac72-fe0a-4d5a-a8fb-799e120f3f18","d349b2e3-253e-4b84-9d6f-2d0ef50f29ee","218645e3-5a66-4e90-a6c8-97e5e69dfcdf","0066d900-b859-4955-baaf-c742696f6c38","b3d69fbc-a4ed-4ff2-852d-0c45ea023f78","a147cb25-ffb3-45f0-b41b-5c1538788aa1","6e64a546-0b23-46a0-98a7-6efff8a9503a","8dd0bb3c-59a9-49c1-8d33-a10568bf2096","55f5b476-5c1e-4684-8fcd-dffaae23b1b9","a1d80a51-66fb-47ac-8b71-de8449260001","773b2c86-f4be-4530-bccb-7a67bafec7bb","dfd25d61-9650-44f3-bab8-debef2a2c03a","ee8924b5-02ad-43be-beba-140715476f90","2bbbff95-6aa2-4ea4-9907-b58363ac59e4","ed6b3e37-63c8-4584-886b-9e57f5b60f9e","0ca892b8-0741-481d-9c69-62a7fbd33ed3","f723e56d-ba8d-45b0-ba18-a6f44f5d12aa","0313157e-5446-46ad-9db2-f66409a27a52","ae5d3621-9d01-446c-9f22-73d06b84f06b","54134f28-31f5-4439-b774-b065b4aa9f9f","f3ca5268-0187-4ca6-b4f0-d800c96e7484","93f164c1-462d-482f-bd97-72ff78bb69f7","9c148f4b-eeba-4cf1-a316-0b2932f40f53","403100e7-c606-4f44-959e-763ad3fea1b7","3d758a29-1861-422b-a5ad-91255f379e7b","f4efb4cb-aa61-4489-9441-3014ce24b93a","9a6b0b98-db41-45ec-b399-10b76f380e20","6032d7d2-895a-4493-9dea-a926d3ad7ff3"]', '2026-01-23 09:41:57.500244+00');
INSERT INTO public.league_boards VALUES ('dd216c58-5aba-4499-90e6-7f7545a21dc9', '2026-01-26', 'bronze', '[{"userId":"86acf4b5-c281-40b9-a615-38c2c00d5428","weeklyXp":120,"rank":1,"streak":7},{"userId":"52e094d1-ec7c-4dbf-b184-969962a73e55","weeklyXp":115,"rank":2,"streak":5},{"userId":"5ae1bdce-024c-4048-8b1b-f3d9aa241763","weeklyXp":110,"rank":3,"streak":4},{"userId":"e68ca1ac-04fc-455e-92a3-be82a607dd1c","weeklyXp":105,"rank":4,"streak":6},{"userId":"22f1864a-f978-40ed-a2ee-548e16796530","weeklyXp":100,"rank":5,"streak":3},{"userId":"62a09a81-a1f2-49d8-b5bc-f91a8284b89c","weeklyXp":95,"rank":6,"streak":4},{"userId":"f209d663-3ec5-4cd1-aa67-468171e0b3e7","weeklyXp":90,"rank":7,"streak":2},{"userId":"9c201dad-a60e-474e-a64e-db47d755af17","weeklyXp":85,"rank":8,"streak":5},{"userId":"23541eb1-46e5-4ade-b919-0c51c8ecf041","weeklyXp":80,"rank":9,"streak":3},{"userId":"d8e486dd-9c38-4659-bc05-c201380dbddd","weeklyXp":75,"rank":10,"streak":4},{"userId":"7eb65fcc-0c10-4c32-9e2e-24deec4e6e95","weeklyXp":70,"rank":11,"streak":2},{"userId":"266f13f6-f4bd-43de-924f-79a7bd1c7006","weeklyXp":65,"rank":12,"streak":3},{"userId":"2319fb3d-28ca-4fed-bffb-007b9ed08c3f","weeklyXp":60,"rank":13,"streak":1},{"userId":"1e316e2f-4f73-45ff-9c21-2cb0192df317","weeklyXp":55,"rank":14,"streak":4},{"userId":"595796e3-55a5-48b9-af7b-b553a443a334","weeklyXp":50,"rank":15,"streak":2},{"userId":"816807ca-bbc8-4050-ad82-dab6aded6efd","weeklyXp":45,"rank":16,"streak":3},{"userId":"34887d00-28a6-43fa-b9f0-486298fc96f5","weeklyXp":40,"rank":17,"streak":1},{"userId":"95fca22b-198f-4995-911c-c64e0e05b376","weeklyXp":35,"rank":18,"streak":2},{"userId":"b5a4b92e-b1ec-4b91-adcc-13e5a2ede09b","weeklyXp":30,"rank":19,"streak":1},{"userId":"963e3f52-cf48-493b-b6b0-cc16bef238da","weeklyXp":25,"rank":20,"streak":2},{"userId":"ab4d47ba-30e0-4801-8a47-17383a7b3acc","weeklyXp":20,"rank":21,"streak":1},{"userId":"a579684c-3b93-48e4-b2e3-f76fa55a50bb","weeklyXp":18,"rank":22,"streak":1},{"userId":"25a1a45e-74c7-4cb9-9f05-49785fe3531e","weeklyXp":15,"rank":23,"streak":1},{"userId":"c9f2405d-7dee-4a8d-b776-19b5cf96ae2d","weeklyXp":12,"rank":24,"streak":0},{"userId":"a6030752-85f1-4072-adaa-833f7eb100e2","weeklyXp":10,"rank":25,"streak":1},{"userId":"d536b15b-7426-45ac-88ff-ef4abfb533ee","weeklyXp":8,"rank":26,"streak":0},{"userId":"1999f1be-f45f-4ede-8f1e-839d69e0bf03","weeklyXp":5,"rank":27,"streak":0},{"userId":"ba9ad20e-1e0a-4318-bee0-c7b51dc1e2c2","weeklyXp":3,"rank":28,"streak":0},{"userId":"b47cef12-b986-4d6b-b169-a2ae43adf3df","weeklyXp":2,"rank":29,"streak":0},{"userId":"aa5750ab-1486-48e1-975b-bdb786d7670d","weeklyXp":1,"rank":30,"streak":0}]', '2026-01-26 06:56:47.889284+00');


--
-- Data for Name: lessons; Type: TABLE DATA; Schema: public; Owner: neondb_owner
--

INSERT INTO public.lessons VALUES ('fuel-for-football', 'Fuel for Football', 'Learn the best foods to eat before and during football training!', '9-11', 6, 'sports_nutrition', true, '2025-09-18 01:36:38.054302', '2025-09-18 01:36:38.054302');
INSERT INTO public.lessons VALUES ('brainfuel-for-school', 'BrainFuel for School', 'Learn the best foods to fuel your brain for exams and studying!', '9-11', 6, 'brain_food', true, '2025-09-18 01:36:38.054302', '2025-09-18 01:36:38.054302');


--
-- Data for Name: lesson_steps; Type: TABLE DATA; Schema: public; Owner: neondb_owner
--

INSERT INTO public.lesson_steps VALUES ('step-2', 'fuel-for-football', 2, 'true-false', 'Drinking water helps footballers play their best.', '{"feedback": "Yes! Even Cristiano Ronaldo is known for choosing water over fizzy drinks — it keeps muscles working and the brain sharp.", "correctAnswer": true}', 10, 'sipping_water', '{"xp": {"firstTry": 10, "learnCard": 0, "secondTry": 5}, "messages": {"learnCard": "Without water, players slow down. Staying hydrated helps you play like the pros.", "tryAgain1": "Try again — players drink water so they don''t slow down.", "tryAgain2": "Hint: the best choice keeps you cool and thinking clearly."}, "maxAttempts": 3}');
INSERT INTO public.lesson_steps VALUES ('step-3-brain', 'brainfuel-for-school', 3, 'matching', 'Match the food to what it gives your brain for school.', '{"feedback": "Omega-3: healthy brain cell membranes → memory.\\nB vitamins: energy release → concentration.\\nIron: oxygen supply → less tiredness.\\nVitamin C: protection → healthy function.", "matchingPairs": [{"left": "🧠 Omega-3 fats", "right": "Supports memory & learning (cell membranes)"}, {"left": "⚡ B vitamins", "right": "Helps release energy from food for focus"}, {"left": "🩸 Iron", "right": "Carries oxygen to the brain (clear thinking)"}, {"left": "🛡️ Vitamin C", "right": "Helps protect cells (antioxidant)"}]}', 15, 'clipboard_tick', '{"xp": {"firstTry": 15, "learnCard": 0, "secondTry": 8}, "messages": {"learnCard": "Omega-3→memory; B vits→energy release; Iron→oxygen; Vit C→protection.", "tryAgain1": "Think energy, oxygen, memory, protection.", "tryAgain2": "Which one links to oxygen in blood?"}, "maxAttempts": 3}');
INSERT INTO public.lesson_steps VALUES ('step-2-brain', 'brainfuel-for-school', 2, 'true-false', 'Proteins are only for muscles, not the brain. True or false?', '{"feedback": "Right. Protein helps build/repair tissues and make brain messengers; healthy fats (e.g., omega-3) support cell membranes and memory.", "correctAnswer": false}', 10, 'brain_glow', '{"xp": {"firstTry": 10, "learnCard": 0, "secondTry": 5}, "messages": {"learnCard": "KS3 nutrition: protein = growth & repair; fats = energy/structures; both matter for brain function.", "tryAgain1": "Your brain also needs building blocks.", "tryAgain2": "Which choice recognises protein''s role beyond muscles?"}, "maxAttempts": 3}');
INSERT INTO public.lesson_steps VALUES ('step-4', 'fuel-for-football', 4, 'multiple-choice', 'Which of these is the best half-time snack to keep your energy up?', '{"options": [{"id": "banana", "text": "Banana", "emoji": "🍌", "correct": true}, {"id": "chocolate-bar", "text": "Chocolate bar", "emoji": "🍫", "correct": false}, {"id": "fizzy-drink", "text": "Fizzy drink", "emoji": "🥤", "correct": false}], "feedback": "Spot on! Bananas give quick, clean energy. That''s why Kylian Mbappé often eats fruit to stay sharp in matches."}', 10, 'high_five', '{"xp": {"firstTry": 10, "learnCard": 0, "secondTry": 5}, "messages": {"learnCard": "Bananas = quick, clean energy. They keep you running in the second half like the pros.", "tryAgain1": "That''s a quick burst… it fades fast. Pick one for the second half.", "tryAgain2": "Hint: choose the snack with clean energy for sprinting."}, "maxAttempts": 3}');
INSERT INTO public.lesson_steps VALUES ('step-4-brain', 'brainfuel-for-school', 4, 'multiple-choice', 'Exam in 1 hour. Best snack for sharp focus?', '{"options": [{"id": "chocolate-bar", "text": "Chocolate bar", "emoji": "🍫", "correct": false}, {"id": "banana-nuts", "text": "Banana + nuts", "emoji": "🍌", "correct": true}, {"id": "fizzy-drink", "text": "Fizzy drink", "emoji": "🥤", "correct": false}, {"id": "crisps", "text": "Crisps", "emoji": "🍟", "correct": false}], "feedback": "Yes. Fruit + nuts give glucose + protein + minerals → steady energy through the exam."}', 10, 'ready_sign', '{"xp": {"firstTry": 10, "learnCard": 0, "secondTry": 5}, "messages": {"learnCard": "Smart snacks blend carb + protein + vitamins (e.g., fruit+nuts, yogurt+berries).", "tryAgain1": "Some choices spike then crash. Which lasts longer?", "tryAgain2": "Pick the one that combines energy and nutrients."}, "maxAttempts": 3}');
INSERT INTO public.lesson_steps VALUES ('step-5-brain', 'brainfuel-for-school', 5, 'ordering', 'Put the steps in order to show how nutrients reach your brain.', '{"feedback": "Exactly. Most absorption happens in the small intestine; blood then delivers nutrients to the brain.", "orderingItems": [{"id": "chew-mouth", "text": "Chew food in the mouth", "correctOrder": 1}, {"id": "stomach-breakdown", "text": "Food broken down more in the stomach", "correctOrder": 2}, {"id": "small-intestine", "text": "Small intestine absorbs nutrients into blood", "correctOrder": 3}, {"id": "blood-transport", "text": "Nutrients travel in blood to brain & muscles", "correctOrder": 4}]}', 15, 'snack_pot', '{"xp": {"firstTry": 15, "learnCard": 0, "secondTry": 8}, "messages": {"learnCard": "Small intestine = main site of nutrient absorption into the bloodstream.", "tryAgain1": "Chew → digest → absorb → transport.", "tryAgain2": "Which organ does the absorbing step?"}, "maxAttempts": 3}');
INSERT INTO public.lesson_steps VALUES ('step-6-brain', 'brainfuel-for-school', 6, 'multiple-choice', 'If you often skip breakfast, what''s most likely?', '{"options": [{"id": "tiredness-focus", "text": "Tiredness & poor focus", "emoji": "💤", "correct": true}, {"id": "faster-running", "text": "Faster running speed", "emoji": "🏃", "correct": false}, {"id": "better-memory", "text": "Better memory", "emoji": "🎧", "correct": false}, {"id": "stronger-muscles", "text": "Stronger muscles", "emoji": "💪", "correct": false}], "feedback": "Correct. Low morning glucose → less concentration and slower thinking in lessons."}', 10, 'thumbs_up', '{"xp": {"firstTry": 10, "learnCard": 0, "secondTry": 5}, "messages": {"learnCard": "Breakfast = steady morning energy → better attention and memory in class.", "tryAgain1": "Skipping meals rarely improves performance.", "tryAgain2": "What happens when the brain''s fuel runs low?"}, "maxAttempts": 3}');
INSERT INTO public.lesson_steps VALUES ('step-1-brain', 'brainfuel-for-school', 1, 'multiple-choice', 'Which food gives the most steady energy for study or revision?', '{"options": [{"id": "sweets", "text": "Sweets", "emoji": "🍬", "correct": false}, {"id": "white-bread", "text": "White bread", "emoji": "🍞", "correct": false}, {"id": "brown-rice", "text": "Brown rice", "emoji": "🍚", "correct": true}, {"id": "fizzy-drink", "text": "Fizzy drink", "emoji": "🥤", "correct": false}], "feedback": "Correct. Wholegrain carbs (like brown rice, oats, wholemeal pasta) release glucose slowly, keeping focus steady across a lesson."}', 10, 'graduation_cap', '{"xp": {"firstTry": 10, "learnCard": 0, "secondTry": 5}, "messages": {"learnCard": "The brain uses glucose. Wholegrains release it gradually → fewer dips in focus.", "tryAgain1": "Think slow & steady fuel, not a quick burst.", "tryAgain2": "Which option keeps blood sugar stable through the lesson?"}, "maxAttempts": 3}');
INSERT INTO public.lesson_steps VALUES ('step-1', 'fuel-for-football', 1, 'multiple-choice', 'Before a football match, which food gives you the best long-lasting energy?', '{"options": [{"id": "sweets", "text": "Sweets", "emoji": "🍬", "correct": false}, {"id": "white-bread", "text": "White bread", "emoji": "🍞", "correct": false}, {"id": "oats", "text": "Oats", "emoji": "🥣", "correct": true}], "feedback": "Correct! Oats give slow-release energy so you don''t run out of steam — just like Lionel Messi keeps moving all game."}', 10, 'holding_football', '{"xp": {"firstTry": 10, "learnCard": 0, "secondTry": 5}, "messages": {"learnCard": "Oats give steady energy. That''s why top players eat porridge before matches.", "tryAgain1": "Not quite — think steady energy for the whole game.", "tryAgain2": "Almost! Which breakfast keeps you running past half-time?"}, "maxAttempts": 3}');
INSERT INTO public.lesson_steps VALUES ('step-5', 'fuel-for-football', 5, 'ordering', 'Put these foods in order to make a balanced footballer''s plate.', '{"feedback": "Nice! Pasta = energy, Yogurt = muscle repair, Broccoli = vitamins. That''s how players like Lucy Bronze and Neymar fuel before big games.", "orderingItems": [{"id": "pasta", "text": "Pasta", "correctOrder": 1}, {"id": "yogurt", "text": "Yogurt", "correctOrder": 2}, {"id": "broccoli", "text": "Broccoli", "correctOrder": 3}]}', 10, 'plate_builder', '{"xp": {"firstTry": 10, "learnCard": 0, "secondTry": 5}, "messages": {"learnCard": "Balanced plate: Pasta (energy), Yogurt (repair), Broccoli (health).", "tryAgain1": "Nearly — start with energy, then repair, then vitamins.", "tryAgain2": "Think: carbs → protein/dairy → fruit/veg."}, "maxAttempts": 3}');
INSERT INTO public.lesson_steps VALUES ('step-3', 'fuel-for-football', 3, 'matching', 'Match the food to what it does for your body when playing football.', '{"feedback": "Oats = steady energy, like Erling Haaland powering through defenders.\\nYogurt = repairs muscles, like Alexia Putellas staying strong in midfield.\\nCrisps = tasty, but won''t fuel you like Sam Kerr sprinting for a goal.", "matchingPairs": [{"left": "🥣 Oats", "right": "Long-lasting energy for running"}, {"left": "🥛 Yogurt", "right": "Repairs muscles and strengthens bones"}, {"left": "🍟 Crisps", "right": "Extra fat, not much help on the pitch"}]}', 15, 'juggling_football', '{"xp": {"firstTry": 15, "learnCard": 0, "secondTry": 8}, "messages": {"learnCard": "Correct matches: Oats → energy, Yogurt → muscles & bones, Crisps → not much help.", "tryAgain1": "Some matches aren''t right — think energy, repair, and ''not much help''.", "tryAgain2": "Check again: oats = energy. Which one repairs muscles and bones?"}, "maxAttempts": 3}');
INSERT INTO public.lesson_steps VALUES ('step-6', 'fuel-for-football', 6, 'multiple-choice', 'After a football match, eating protein helps your ______ recover.', '{"options": [{"id": "brain", "text": "Brain", "emoji": "🧠", "correct": false}, {"id": "muscles", "text": "Muscles", "emoji": "💪", "correct": true}, {"id": "hair", "text": "Hair", "emoji": "💇", "correct": false}], "feedback": "Exactly! Protein repairs muscles so you''re ready to train again — just like Sam Kerr or Harry Kane preparing for the next match."}', 10, 'flexing', '{"xp": {"firstTry": 10, "learnCard": 0, "secondTry": 5}, "messages": {"learnCard": "Protein = muscle repair. That''s why players eat yogurt, eggs, or beans after matches.", "tryAgain1": "Think about what works hardest in football.", "tryAgain2": "Hint: protein helps the part that kicks, runs, and jumps."}, "maxAttempts": 3}');


--
-- Data for Name: lesson_attempts; Type: TABLE DATA; Schema: public; Owner: neondb_owner
--

INSERT INTO public.lesson_attempts VALUES ('53726a08-09ba-447c-bc3f-030019fd90bb', 'bdc27d70-f2bb-470c-9bfa-9cdfc9112d4e', 'fuel-for-football', 'step-1', 1, 1, false, 'croissant', 2728, 4, 0, false, '2025-09-18 01:41:13.788643');
INSERT INTO public.lesson_attempts VALUES ('be237726-2e06-4a60-97eb-685d0e669c3b', 'bdc27d70-f2bb-470c-9bfa-9cdfc9112d4e', 'fuel-for-football', 'step-1', 1, 2, false, 'croissant', 19483, 3, 0, false, '2025-09-18 01:41:30.67583');
INSERT INTO public.lesson_attempts VALUES ('5d32337d-36b4-4d21-a21e-2b32a51ca438', 'bdc27d70-f2bb-470c-9bfa-9cdfc9112d4e', 'fuel-for-football', 'step-1', 1, 3, false, 'learn-card-shown', 23031, 2, 0, true, '2025-09-18 01:41:34.092899');
INSERT INTO public.lesson_attempts VALUES ('1062ea6f-5384-4eff-a2e0-ffb9b2f33033', 'bdc27d70-f2bb-470c-9bfa-9cdfc9112d4e', 'fuel-for-football', 'step-1', 1, 3, false, 'croissant', 23031, 2, 0, false, '2025-09-18 01:41:36.211826');
INSERT INTO public.lesson_attempts VALUES ('909f7020-0727-49c8-a59a-baad65022f6d', 'bdc27d70-f2bb-470c-9bfa-9cdfc9112d4e', 'fuel-for-football', 'step-2', 2, 1, false, 'false', 50090, 1, 0, false, '2025-09-18 01:42:40.433616');
INSERT INTO public.lesson_attempts VALUES ('c4adedaa-ba6b-48f2-a676-60e4865669f4', 'bdc27d70-f2bb-470c-9bfa-9cdfc9112d4e', 'fuel-for-football', 'step-2', 2, 2, false, 'false', 53390, 0, 0, false, '2025-09-18 01:42:43.608917');
INSERT INTO public.lesson_attempts VALUES ('14d8d555-e795-4b87-bdb6-c813e305198c', 'bdc27d70-f2bb-470c-9bfa-9cdfc9112d4e', 'fuel-for-football', 'step-2', 2, 3, false, 'learn-card-shown', 53390, 0, 0, true, '2025-09-18 01:42:44.344898');
INSERT INTO public.lesson_attempts VALUES ('c7db80bf-65cd-4822-8490-1337b5cd8e1b', 'bdc27d70-f2bb-470c-9bfa-9cdfc9112d4e', 'brainfuel-for-school', 'step-1', 1, 1, true, 'porridge-berries', 13938, 3, 10, false, '2025-09-18 01:43:04.287751');
INSERT INTO public.lesson_attempts VALUES ('d96c6401-3e80-490a-8591-7ca10b9d613c', 'bdc27d70-f2bb-470c-9bfa-9cdfc9112d4e', 'fuel-for-football', 'step-1', 1, 1, false, 'croissant', 2824, 4, 0, false, '2025-09-18 01:43:39.714178');
INSERT INTO public.lesson_attempts VALUES ('a6f034bd-6c35-4c4e-a67a-e1361ceb951a', 'bdc27d70-f2bb-470c-9bfa-9cdfc9112d4e', 'fuel-for-football', 'step-1', 1, 1, false, 'croissant', 2996, 4, 0, false, '2025-09-18 07:06:45.478194');
INSERT INTO public.lesson_attempts VALUES ('130e14d7-837d-4865-b5dc-83300c2f8514', 'bdc27d70-f2bb-470c-9bfa-9cdfc9112d4e', 'fuel-for-football', 'step-1', 1, 2, false, 'croissant', 6850, 3, 0, false, '2025-09-18 07:06:49.330554');
INSERT INTO public.lesson_attempts VALUES ('1978527b-c4d8-4a06-810b-7d9b6a875ed2', 'bdc27d70-f2bb-470c-9bfa-9cdfc9112d4e', 'fuel-for-football', 'step-1', 1, 1, false, 'croissant', 2286, 4, 0, false, '2025-09-18 07:08:30.872674');
INSERT INTO public.lesson_attempts VALUES ('4d13bd55-3444-49f3-b189-cca8813a2970', 'bdc27d70-f2bb-470c-9bfa-9cdfc9112d4e', 'fuel-for-football', 'step-1', 1, 2, false, 'croissant', 15225, 3, 0, false, '2025-09-18 07:08:43.927113');
INSERT INTO public.lesson_attempts VALUES ('b710cdbc-0056-4cf2-844b-e2895de8dc57', 'bdc27d70-f2bb-470c-9bfa-9cdfc9112d4e', 'fuel-for-football', 'step-1', 1, 3, false, 'croissant', 27753, 2, 0, false, '2025-09-18 07:08:56.466013');
INSERT INTO public.lesson_attempts VALUES ('f2105c08-6e8e-40ce-8457-fa1ae129dbd7', 'bdc27d70-f2bb-470c-9bfa-9cdfc9112d4e', 'fuel-for-football', 'step-1', 1, 3, false, 'learn-card-shown', 27753, 2, 0, true, '2025-09-18 07:08:56.467223');
INSERT INTO public.lesson_attempts VALUES ('621c8dee-820a-444d-9801-bbaa657975ab', 'bdc27d70-f2bb-470c-9bfa-9cdfc9112d4e', 'fuel-for-football', 'step-1', 1, 1, false, 'croissant', 2359, 4, 0, false, '2025-09-18 07:19:37.222379');
INSERT INTO public.lesson_attempts VALUES ('06eaea19-6684-45a1-aa63-dc264cc51377', 'bdc27d70-f2bb-470c-9bfa-9cdfc9112d4e', 'fuel-for-football', 'step-1', 1, 2, false, 'croissant', 5750, 3, 0, false, '2025-09-18 07:19:40.618399');
INSERT INTO public.lesson_attempts VALUES ('32008603-0a78-4965-bc80-363ac6cfb6ed', 'bdc27d70-f2bb-470c-9bfa-9cdfc9112d4e', 'fuel-for-football', 'step-1', 1, 3, false, 'croissant', 9003, 2, 0, false, '2025-09-18 07:19:43.869179');
INSERT INTO public.lesson_attempts VALUES ('48eecfd8-dd62-4d64-bc50-2dc47a80096f', 'bdc27d70-f2bb-470c-9bfa-9cdfc9112d4e', 'fuel-for-football', 'step-1', 1, 3, false, 'learn-card-shown', 9003, 2, 0, true, '2025-09-18 07:19:44.017361');
INSERT INTO public.lesson_attempts VALUES ('5af23565-159a-45c5-aa09-3f0bcb4f763a', 'bdc27d70-f2bb-470c-9bfa-9cdfc9112d4e', 'fuel-for-football', 'step-1', 1, 1, false, 'croissant', 1999, 4, 0, false, '2025-09-18 07:26:34.894503');
INSERT INTO public.lesson_attempts VALUES ('b05138e6-1cbb-4345-a289-2d67ac10f026', 'bdc27d70-f2bb-470c-9bfa-9cdfc9112d4e', 'fuel-for-football', 'step-1', 1, 2, false, 'croissant', 9643, 3, 0, false, '2025-09-18 07:26:42.540087');
INSERT INTO public.lesson_attempts VALUES ('aea6a967-d341-458f-859f-48c2e6d02456', 'bdc27d70-f2bb-470c-9bfa-9cdfc9112d4e', 'fuel-for-football', 'step-1', 1, 3, false, 'learn-card-shown', 12538, 2, 0, true, '2025-09-18 07:26:45.435643');
INSERT INTO public.lesson_attempts VALUES ('63e55130-bfbf-4339-bbc9-b0691e478a08', 'bdc27d70-f2bb-470c-9bfa-9cdfc9112d4e', 'fuel-for-football', 'step-1', 1, 3, false, 'croissant', 12538, 2, 0, false, '2025-09-18 07:26:45.567253');
INSERT INTO public.lesson_attempts VALUES ('8fca31ad-7226-422b-ac7b-63480ee1038d', 'bdc27d70-f2bb-470c-9bfa-9cdfc9112d4e', 'fuel-for-football', 'step-1', 1, 1, false, 'croissant', 2210, 4, 0, false, '2025-09-18 07:36:37.268632');
INSERT INTO public.lesson_attempts VALUES ('67c2c9f6-ae64-4749-80d2-04f5597ba4b2', 'bdc27d70-f2bb-470c-9bfa-9cdfc9112d4e', 'fuel-for-football', 'step-1', 1, 1, false, 'croissant', 2802, 4, 0, false, '2025-09-18 09:04:25.638925');
INSERT INTO public.lesson_attempts VALUES ('cddfeb9d-cd96-46c8-82d7-0428548c0e0b', 'bdc27d70-f2bb-470c-9bfa-9cdfc9112d4e', 'fuel-for-football', 'step-1', 1, 2, false, 'croissant', 7651, 3, 0, false, '2025-09-18 09:04:30.484467');
INSERT INTO public.lesson_attempts VALUES ('91d7c22f-d549-4311-9b06-d71565dc4c08', 'bdc27d70-f2bb-470c-9bfa-9cdfc9112d4e', 'fuel-for-football', 'step-1', 1, 3, false, 'learn-card-shown', 7651, 3, 0, true, '2025-09-18 09:04:30.596758');
INSERT INTO public.lesson_attempts VALUES ('27df9985-3de5-4913-b583-b06a4d3fdb10', 'bdc27d70-f2bb-470c-9bfa-9cdfc9112d4e', 'fuel-for-football', 'step-1', 1, 1, false, 'croissant', 2614, 4, 0, false, '2025-09-18 10:13:25.165713');
INSERT INTO public.lesson_attempts VALUES ('006d7528-7ac1-419b-966c-cadc3c21bd4e', 'bdc27d70-f2bb-470c-9bfa-9cdfc9112d4e', 'fuel-for-football', 'step-1', 1, 3, false, 'learn-card-shown', 12835, 3, 0, true, '2025-09-18 10:13:35.501069');
INSERT INTO public.lesson_attempts VALUES ('3bde835b-2149-4c62-8f3f-3ab47089ab5d', 'bdc27d70-f2bb-470c-9bfa-9cdfc9112d4e', 'fuel-for-football', 'step-1', 1, 2, false, 'croissant', 12835, 3, 0, false, '2025-09-18 10:13:35.513309');
INSERT INTO public.lesson_attempts VALUES ('af70e20b-3846-421f-a17d-2189735036d6', 'bdc27d70-f2bb-470c-9bfa-9cdfc9112d4e', 'fuel-for-football', 'step-1', 1, 1, false, 'croissant', 2600, 4, 0, false, '2025-09-18 10:18:53.565475');
INSERT INTO public.lesson_attempts VALUES ('2492d630-3eab-4cc1-bd94-6e46022fa5e4', 'bdc27d70-f2bb-470c-9bfa-9cdfc9112d4e', 'fuel-for-football', 'step-1', 1, 2, false, 'croissant', 7283, 3, 0, false, '2025-09-18 10:18:58.241896');
INSERT INTO public.lesson_attempts VALUES ('62af4fde-25f3-4922-a983-7bc3f4e5e619', 'bdc27d70-f2bb-470c-9bfa-9cdfc9112d4e', 'fuel-for-football', 'step-1', 1, 3, false, 'learn-card-shown', 7283, 3, 0, true, '2025-09-18 10:18:58.36566');
INSERT INTO public.lesson_attempts VALUES ('44921a97-4038-4d0f-94f9-eb9856c1be20', 'bdc27d70-f2bb-470c-9bfa-9cdfc9112d4e', 'fuel-for-football', 'step-1', 1, 1, false, 'croissant', 2136, 4, 0, false, '2025-09-18 10:26:22.093159');
INSERT INTO public.lesson_attempts VALUES ('275b1156-c850-4b34-b406-8c1425ae93c3', 'bdc27d70-f2bb-470c-9bfa-9cdfc9112d4e', 'fuel-for-football', 'step-1', 1, 2, false, 'croissant', 9396, 3, 0, false, '2025-09-18 10:26:29.356821');
INSERT INTO public.lesson_attempts VALUES ('f3f7d57f-6603-4e09-8f4f-7d6662cbcea9', 'bdc27d70-f2bb-470c-9bfa-9cdfc9112d4e', 'fuel-for-football', 'step-1', 1, 3, false, 'croissant', 12168, 2, 0, false, '2025-09-18 10:26:32.130092');
INSERT INTO public.lesson_attempts VALUES ('589e9f0e-7be8-431b-9b13-ac842fe2480a', 'bdc27d70-f2bb-470c-9bfa-9cdfc9112d4e', 'fuel-for-football', 'step-1', 1, 3, false, 'learn-card-shown', 12168, 2, 0, true, '2025-09-18 10:26:32.248618');
INSERT INTO public.lesson_attempts VALUES ('25efb266-71f0-46f1-b6e6-ab135e549aa3', 'bdc27d70-f2bb-470c-9bfa-9cdfc9112d4e', 'fuel-for-football', 'step-1', 1, 1, false, 'croissant', 1879, 4, 0, false, '2025-09-18 10:27:07.046417');
INSERT INTO public.lesson_attempts VALUES ('3a71922a-e65f-4c4b-a0a5-838dab9478bd', 'bdc27d70-f2bb-470c-9bfa-9cdfc9112d4e', 'fuel-for-football', 'step-1', 1, 1, true, 'porridge', 2927, 5, 10, false, '2025-09-18 10:28:02.167701');
INSERT INTO public.lesson_attempts VALUES ('ad081d72-9b5c-4be5-a467-c57fa7169b6d', 'bdc27d70-f2bb-470c-9bfa-9cdfc9112d4e', 'fuel-for-football', 'step-2', 2, 1, false, 'false', 3020, 4, 0, false, '2025-09-18 10:28:08.162136');
INSERT INTO public.lesson_attempts VALUES ('3254ca18-d78f-496c-a9e6-37221868ea7a', 'bdc27d70-f2bb-470c-9bfa-9cdfc9112d4e', 'fuel-for-football', 'step-2', 2, 2, false, 'false', 6434, 3, 0, false, '2025-09-18 10:28:11.58352');
INSERT INTO public.lesson_attempts VALUES ('eedaa32b-eac2-474f-9764-156127046499', 'bdc27d70-f2bb-470c-9bfa-9cdfc9112d4e', 'fuel-for-football', 'step-2', 2, 3, false, 'false', 10046, 2, 0, false, '2025-09-18 10:28:15.190816');
INSERT INTO public.lesson_attempts VALUES ('26f5572c-9e87-40b8-97b7-44ed8b48a83f', 'bdc27d70-f2bb-470c-9bfa-9cdfc9112d4e', 'fuel-for-football', 'step-2', 2, 3, false, 'learn-card-shown', 10046, 2, 0, true, '2025-09-18 10:28:15.302599');
INSERT INTO public.lesson_attempts VALUES ('d91759cc-f484-496c-acf3-77760aa93257', 'bdc27d70-f2bb-470c-9bfa-9cdfc9112d4e', 'fuel-for-football', 'step-1', 1, 1, false, 'croissant', 2001, 4, 0, false, '2025-09-18 10:45:16.917329');
INSERT INTO public.lesson_attempts VALUES ('1dddafbd-5230-407d-b695-dd4a551f7ce3', 'bdc27d70-f2bb-470c-9bfa-9cdfc9112d4e', 'fuel-for-football', 'step-1', 1, 2, false, 'croissant', 4922, 3, 0, false, '2025-09-18 10:45:19.834165');
INSERT INTO public.lesson_attempts VALUES ('1948300a-2029-42ca-9516-4caff62fca8c', 'bdc27d70-f2bb-470c-9bfa-9cdfc9112d4e', 'fuel-for-football', 'step-1', 1, 3, false, 'croissant', 7416, 2, 0, false, '2025-09-18 10:45:22.324518');
INSERT INTO public.lesson_attempts VALUES ('d64dcfee-84e2-44b2-bb61-d09aac644738', 'bdc27d70-f2bb-470c-9bfa-9cdfc9112d4e', 'fuel-for-football', 'step-1', 1, 3, false, 'learn-card-shown', 7416, 2, 0, true, '2025-09-18 10:45:22.453734');
INSERT INTO public.lesson_attempts VALUES ('8f0e284d-6fa9-44a3-8eb5-88d97ca31481', 'bdc27d70-f2bb-470c-9bfa-9cdfc9112d4e', 'fuel-for-football', 'step-1', 1, 1, false, 'croissant', 2871, 4, 0, false, '2025-09-18 10:54:07.484262');
INSERT INTO public.lesson_attempts VALUES ('432b0670-6b0d-419f-826e-4842b177f1c1', 'bdc27d70-f2bb-470c-9bfa-9cdfc9112d4e', 'fuel-for-football', 'step-1', 1, 2, false, 'croissant', 7517, 3, 0, false, '2025-09-18 10:54:12.130836');
INSERT INTO public.lesson_attempts VALUES ('e120924f-3015-4afd-97e7-8dc5ef0d460c', 'bdc27d70-f2bb-470c-9bfa-9cdfc9112d4e', 'fuel-for-football', 'step-1', 1, 3, false, 'learn-card-shown', 10198, 2, 0, true, '2025-09-18 10:54:14.816384');
INSERT INTO public.lesson_attempts VALUES ('2a64e5de-9ed5-4c7d-81b4-c7733a35076e', 'bdc27d70-f2bb-470c-9bfa-9cdfc9112d4e', 'fuel-for-football', 'step-1', 1, 3, false, 'croissant', 10198, 2, 0, false, '2025-09-18 10:54:15.004657');
INSERT INTO public.lesson_attempts VALUES ('378759fa-a553-443b-bb6b-4c6252d44f85', 'bdc27d70-f2bb-470c-9bfa-9cdfc9112d4e', 'fuel-for-football', 'step-2', 2, 1, true, 'true', 2908, 2, 10, false, '2025-09-18 10:55:34.790799');
INSERT INTO public.lesson_attempts VALUES ('493a61d7-59d8-4f29-b565-179ae92b24d8', 'bdc27d70-f2bb-470c-9bfa-9cdfc9112d4e', 'fuel-for-football', 'step-3', 3, 1, true, 'matching-complete', 13303, 2, 15, false, '2025-09-18 10:55:50.675622');
INSERT INTO public.lesson_attempts VALUES ('dcfd3ce9-8ec9-46f7-b51f-a24614b2d106', 'bdc27d70-f2bb-470c-9bfa-9cdfc9112d4e', 'fuel-for-football', 'step-4', 4, 1, false, 'crisps', 2568, 1, 0, false, '2025-09-18 10:55:55.861152');
INSERT INTO public.lesson_attempts VALUES ('17bac7e4-3715-42c4-8f14-4fe21895d9ab', 'bdc27d70-f2bb-470c-9bfa-9cdfc9112d4e', 'fuel-for-football', 'step-4', 4, 2, false, 'crisps', 5784, 0, 0, false, '2025-09-18 10:55:59.078848');
INSERT INTO public.lesson_attempts VALUES ('9818dddd-56ac-4183-9aec-c61519866f30', 'bdc27d70-f2bb-470c-9bfa-9cdfc9112d4e', 'fuel-for-football', 'step-4', 4, 3, false, 'crisps', 8640, 0, 0, false, '2025-09-18 10:56:01.933068');
INSERT INTO public.lesson_attempts VALUES ('f9b38d92-88b2-400e-b996-3af54992d370', 'bdc27d70-f2bb-470c-9bfa-9cdfc9112d4e', 'fuel-for-football', 'step-4', 4, 3, false, 'learn-card-shown', 8640, 0, 0, true, '2025-09-18 10:56:04.099495');
INSERT INTO public.lesson_attempts VALUES ('abe07513-88e4-44b6-843f-45ccaf1d1b64', 'bdc27d70-f2bb-470c-9bfa-9cdfc9112d4e', 'fuel-for-football', 'step-1', 1, 1, false, 'croissant', 2604, 4, 0, false, '2025-09-18 11:00:33.702429');
INSERT INTO public.lesson_attempts VALUES ('fa60a6b6-a8a2-4e25-907a-91b22567e9e4', 'bdc27d70-f2bb-470c-9bfa-9cdfc9112d4e', 'fuel-for-football', 'step-1', 1, 1, false, 'croissant', 2469, 4, 0, false, '2025-09-18 11:12:07.121782');
INSERT INTO public.lesson_attempts VALUES ('35ea0c3d-25d2-482e-a3e8-baccdabb7cdc', 'bdc27d70-f2bb-470c-9bfa-9cdfc9112d4e', 'fuel-for-football', 'step-1', 1, 2, false, 'croissant', 6901, 3, 0, false, '2025-09-18 11:12:11.554703');
INSERT INTO public.lesson_attempts VALUES ('2013610f-3b16-4981-9727-3fdabfb20c44', 'bdc27d70-f2bb-470c-9bfa-9cdfc9112d4e', 'fuel-for-football', 'step-1', 1, 3, false, 'croissant', 9415, 2, 0, false, '2025-09-18 11:12:14.068234');
INSERT INTO public.lesson_attempts VALUES ('ddce3acc-7d22-45f0-8c33-7f1c19ebbb12', 'bdc27d70-f2bb-470c-9bfa-9cdfc9112d4e', 'fuel-for-football', 'step-1', 1, 3, false, 'learn-card-shown', 9415, 2, 0, true, '2025-09-18 11:12:14.20282');
INSERT INTO public.lesson_attempts VALUES ('2507ab2b-d183-4ec8-8a9f-68105f5a8e01', 'bdc27d70-f2bb-470c-9bfa-9cdfc9112d4e', 'fuel-for-football', 'step-1', 1, 1, false, 'croissant', 2111, 4, 0, false, '2025-09-18 12:46:39.843845');
INSERT INTO public.lesson_attempts VALUES ('0118ddae-21bd-4950-b69f-3d1c847e1239', 'bdc27d70-f2bb-470c-9bfa-9cdfc9112d4e', 'fuel-for-football', 'step-1', 1, 2, false, 'croissant', 6525, 3, 0, false, '2025-09-18 12:46:44.25778');
INSERT INTO public.lesson_attempts VALUES ('446be854-99db-4827-9237-1804574e0ab9', 'bdc27d70-f2bb-470c-9bfa-9cdfc9112d4e', 'fuel-for-football', 'step-1', 1, 3, false, 'croissant', 9970, 2, 0, false, '2025-09-18 12:46:47.70431');
INSERT INTO public.lesson_attempts VALUES ('03d5d694-9477-4960-b230-85e395d5cef7', 'bdc27d70-f2bb-470c-9bfa-9cdfc9112d4e', 'fuel-for-football', 'step-1', 1, 3, false, 'learn-card-shown', 9970, 2, 0, true, '2025-09-18 12:46:47.842374');
INSERT INTO public.lesson_attempts VALUES ('c11de287-fbab-4729-bac8-09a6c08133a5', 'bdc27d70-f2bb-470c-9bfa-9cdfc9112d4e', 'fuel-for-football', 'step-1', 1, 1, false, 'croissant', 4515, 4, 0, false, '2025-09-18 12:52:06.29612');
INSERT INTO public.lesson_attempts VALUES ('66e65cbe-b9fb-4f4d-ad9c-734b46225afc', 'bdc27d70-f2bb-470c-9bfa-9cdfc9112d4e', 'fuel-for-football', 'step-1', 1, 1, false, 'croissant', 2223, 4, 0, false, '2025-09-18 12:55:15.485327');
INSERT INTO public.lesson_attempts VALUES ('78307621-d1a1-4193-a652-be9d48f921f8', 'bdc27d70-f2bb-470c-9bfa-9cdfc9112d4e', 'fuel-for-football', 'step-1', 1, 2, false, 'croissant', 5538, 3, 0, false, '2025-09-18 12:55:18.799438');
INSERT INTO public.lesson_attempts VALUES ('72ddc802-a887-4c35-ae35-368e429c1c22', 'bdc27d70-f2bb-470c-9bfa-9cdfc9112d4e', 'fuel-for-football', 'step-1', 1, 3, false, 'learn-card-shown', 8133, 2, 0, true, '2025-09-18 12:55:21.396885');
INSERT INTO public.lesson_attempts VALUES ('b8f05a54-1ec8-4b64-ad2c-0c147fcd8b57', 'bdc27d70-f2bb-470c-9bfa-9cdfc9112d4e', 'fuel-for-football', 'step-1', 1, 3, false, 'croissant', 8133, 2, 0, false, '2025-09-18 12:55:21.517079');
INSERT INTO public.lesson_attempts VALUES ('9b821038-0e01-4475-af65-40e670d5f227', 'bdc27d70-f2bb-470c-9bfa-9cdfc9112d4e', 'fuel-for-football', 'step-2', 2, 1, false, 'false', 3330, 1, 0, false, '2025-09-18 12:55:27.702071');
INSERT INTO public.lesson_attempts VALUES ('1ac4897d-33b7-423b-a014-7e8c58ed49fc', 'bdc27d70-f2bb-470c-9bfa-9cdfc9112d4e', 'fuel-for-football', 'step-2', 2, 2, true, 'true', 7744, 1, 5, false, '2025-09-18 12:55:32.116733');
INSERT INTO public.lesson_attempts VALUES ('6559ba26-5d62-4359-821a-10b6b3148718', 'bdc27d70-f2bb-470c-9bfa-9cdfc9112d4e', 'fuel-for-football', 'step-1', 1, 1, false, 'croissant', 2026, 4, 0, false, '2025-09-18 12:57:59.940875');
INSERT INTO public.lesson_attempts VALUES ('11db3f55-aac6-44d3-8b24-cc1ed6b60fd5', 'bdc27d70-f2bb-470c-9bfa-9cdfc9112d4e', 'fuel-for-football', 'step-1', 1, 1, false, 'white-bread', 5763, 4, 0, false, '2025-09-18 13:12:24.846674');
INSERT INTO public.lesson_attempts VALUES ('eea7beae-a54a-444c-aed9-4703cacc921a', 'bdc27d70-f2bb-470c-9bfa-9cdfc9112d4e', 'fuel-for-football', 'step-1', 1, 2, true, 'oats', 9757, 4, 5, false, '2025-09-18 13:12:28.838521');
INSERT INTO public.lesson_attempts VALUES ('c03161cd-02d7-4678-a36a-b90e46bf9199', 'bdc27d70-f2bb-470c-9bfa-9cdfc9112d4e', 'fuel-for-football', 'step-2', 2, 1, true, 'true', 4139, 4, 10, false, '2025-09-18 13:12:38.30254');
INSERT INTO public.lesson_attempts VALUES ('393831a5-e2a0-4cee-a358-71bcd07b827b', 'bdc27d70-f2bb-470c-9bfa-9cdfc9112d4e', 'fuel-for-football', 'step-3', 3, 1, true, 'matching-complete', 16418, 4, 15, false, '2025-09-18 13:12:58.949431');
INSERT INTO public.lesson_attempts VALUES ('de51b29d-c5bc-4c93-ac71-a9d176406766', 'bdc27d70-f2bb-470c-9bfa-9cdfc9112d4e', 'fuel-for-football', 'step-4', 4, 1, true, 'banana', 3823, 4, 10, false, '2025-09-18 13:13:06.847651');
INSERT INTO public.lesson_attempts VALUES ('92790402-91ff-4495-8a23-534de0b272bc', 'bdc27d70-f2bb-470c-9bfa-9cdfc9112d4e', 'fuel-for-football', 'step-1', 1, 1, true, 'oats', 3366, 5, 10, false, '2025-09-18 13:16:50.254514');
INSERT INTO public.lesson_attempts VALUES ('0edc64a7-39ee-45e9-87eb-5961a55263e3', 'bdc27d70-f2bb-470c-9bfa-9cdfc9112d4e', 'fuel-for-football', 'step-2', 2, 1, true, 'true', 2138, 5, 10, false, '2025-09-18 13:16:55.051562');
INSERT INTO public.lesson_attempts VALUES ('d324951a-c566-4d72-8bdf-7ab85e31321d', 'bdc27d70-f2bb-470c-9bfa-9cdfc9112d4e', 'fuel-for-football', 'step-3', 3, 1, true, 'matching-complete', 11123, 5, 15, false, '2025-09-18 13:17:08.429284');
INSERT INTO public.lesson_attempts VALUES ('6076eb35-4cf6-4eab-878c-426ecae5ebad', 'bdc27d70-f2bb-470c-9bfa-9cdfc9112d4e', 'brainfuel-for-school', 'step-1', 1, 1, true, 'brown-rice', 4913, 5, 10, false, '2025-09-18 13:54:34.830728');
INSERT INTO public.lesson_attempts VALUES ('e9e359d9-febe-4d55-bd76-663fda06fd49', 'bdc27d70-f2bb-470c-9bfa-9cdfc9112d4e', 'brainfuel-for-school', 'step-2', 2, 1, true, 'false', 2477, 5, 10, false, '2025-09-18 13:54:41.412096');
INSERT INTO public.lesson_attempts VALUES ('f050930f-6510-4bf5-9f2a-f6557bb36003', 'bdc27d70-f2bb-470c-9bfa-9cdfc9112d4e', 'brainfuel-for-school', 'step-3', 3, 1, true, 'matching-complete', 19810, 5, 15, false, '2025-09-18 13:55:13.967224');
INSERT INTO public.lesson_attempts VALUES ('97e34d50-3327-42d7-bbb5-89adba356ced', 'bdc27d70-f2bb-470c-9bfa-9cdfc9112d4e', 'brainfuel-for-school', 'step-4', 4, 1, false, 'chocolate-bar', 3838, 4, 0, false, '2025-09-18 13:55:48.673373');
INSERT INTO public.lesson_attempts VALUES ('e3e6baa6-85d6-4758-9d4f-92d8f4d302ae', 'bdc27d70-f2bb-470c-9bfa-9cdfc9112d4e', 'brainfuel-for-school', 'step-4', 4, 2, true, 'banana-nuts', 8171, 4, 5, false, '2025-09-18 13:55:52.881969');
INSERT INTO public.lesson_attempts VALUES ('a7172ecd-2f14-4812-9c5b-ec2d9515faa7', 'bdc27d70-f2bb-470c-9bfa-9cdfc9112d4e', 'brainfuel-for-school', 'step-1', 1, 1, true, 'brown-rice', 2469, 5, 10, false, '2025-09-18 14:00:49.113284');
INSERT INTO public.lesson_attempts VALUES ('9211a0ec-435a-4622-a952-1ccff5446a35', 'bdc27d70-f2bb-470c-9bfa-9cdfc9112d4e', 'brainfuel-for-school', 'step-2', 2, 1, false, 'true', 2443, 4, 0, false, '2025-09-18 14:00:54.233249');
INSERT INTO public.lesson_attempts VALUES ('fbc87011-ddfc-46ff-ad74-27e685a4601c', 'bdc27d70-f2bb-470c-9bfa-9cdfc9112d4e', 'brainfuel-for-school', 'step-2', 2, 2, true, 'false', 6052, 4, 5, false, '2025-09-18 14:00:57.839328');
INSERT INTO public.lesson_attempts VALUES ('ffe901fc-0f97-43eb-a3e3-a49c8ae6b376', 'bdc27d70-f2bb-470c-9bfa-9cdfc9112d4e', 'brainfuel-for-school', 'step-3', 3, 1, true, 'matching-complete', 37776, 4, 15, false, '2025-09-18 14:01:37.989949');
INSERT INTO public.lesson_attempts VALUES ('721eec0a-a966-42ec-b330-0135edbf27cb', 'bdc27d70-f2bb-470c-9bfa-9cdfc9112d4e', 'brainfuel-for-school', 'step-4', 4, 1, true, 'banana-nuts', 3167, 4, 10, false, '2025-09-18 14:01:44.324696');
INSERT INTO public.lesson_attempts VALUES ('5db83885-3dc5-4064-9cbc-a37e8c31f4c0', 'bdc27d70-f2bb-470c-9bfa-9cdfc9112d4e', 'fuel-for-football', 'step-1', 1, 1, true, 'oats', 3864, 5, 10, false, '2025-09-18 14:02:32.565793');
INSERT INTO public.lesson_attempts VALUES ('22634829-d6e4-4020-8fcc-28b01af42ae5', 'bdc27d70-f2bb-470c-9bfa-9cdfc9112d4e', 'fuel-for-football', 'step-2', 2, 1, true, 'true', 3007, 5, 10, false, '2025-09-18 14:02:38.088622');
INSERT INTO public.lesson_attempts VALUES ('2a6946f6-9cd6-4a9e-983e-71e657bdd7e7', 'bdc27d70-f2bb-470c-9bfa-9cdfc9112d4e', 'fuel-for-football', 'step-1', 1, 1, true, 'oats', 3402, 5, 10, false, '2025-09-18 14:05:11.267451');
INSERT INTO public.lesson_attempts VALUES ('49995165-aa97-46a5-a588-80f7e01c5203', 'bdc27d70-f2bb-470c-9bfa-9cdfc9112d4e', 'fuel-for-football', 'step-2', 2, 1, true, 'true', 3364, 5, 10, false, '2025-09-18 14:05:17.171611');
INSERT INTO public.lesson_attempts VALUES ('ae169450-6a2f-41da-a97e-59bb416bd8cf', 'bdc27d70-f2bb-470c-9bfa-9cdfc9112d4e', 'fuel-for-football', 'step-3', 3, 1, true, 'matching-complete', 16242, 5, 15, false, '2025-09-18 14:05:35.644976');
INSERT INTO public.lesson_attempts VALUES ('9c39bbb0-1bf8-41f7-a073-9ad9d971002c', 'bdc27d70-f2bb-470c-9bfa-9cdfc9112d4e', 'fuel-for-football', 'step-4', 4, 1, true, 'banana', 3040, 5, 10, false, '2025-09-18 14:05:41.2241');
INSERT INTO public.lesson_attempts VALUES ('7ffa55af-a17c-4de9-be6b-6c98f6082ee3', 'bdc27d70-f2bb-470c-9bfa-9cdfc9112d4e', 'brainfuel-for-school', 'step-1', 1, 1, true, 'brown-rice', 2646, 5, 10, false, '2025-09-18 14:07:30.129562');
INSERT INTO public.lesson_attempts VALUES ('c3296d81-150e-46c6-ad3f-5fc42abaa178', 'bdc27d70-f2bb-470c-9bfa-9cdfc9112d4e', 'brainfuel-for-school', 'step-2', 2, 1, true, 'false', 7248, 5, 10, false, '2025-09-18 14:07:40.269932');
INSERT INTO public.lesson_attempts VALUES ('66c89c16-e7a0-43dc-a3d8-fbb66731780f', 'bdc27d70-f2bb-470c-9bfa-9cdfc9112d4e', 'brainfuel-for-school', 'step-1', 1, 1, true, 'brown-rice', 3061, 5, 10, false, '2025-09-18 14:08:29.636951');
INSERT INTO public.lesson_attempts VALUES ('485ce647-1d14-452e-91df-58b8ac391eb9', 'bdc27d70-f2bb-470c-9bfa-9cdfc9112d4e', 'brainfuel-for-school', 'step-2', 2, 1, true, 'false', 2754, 5, 10, false, '2025-09-18 14:08:34.837991');
INSERT INTO public.lesson_attempts VALUES ('9e261b03-0bb2-4bb8-a48e-d7c76d69b285', 'bdc27d70-f2bb-470c-9bfa-9cdfc9112d4e', 'brainfuel-for-school', 'step-3', 3, 1, true, 'matching-complete', 13511, 5, 15, false, '2025-09-18 14:08:50.697071');
INSERT INTO public.lesson_attempts VALUES ('7639810f-b647-4dc3-be72-cd568f24af3b', 'bdc27d70-f2bb-470c-9bfa-9cdfc9112d4e', 'brainfuel-for-school', 'step-4', 4, 1, true, 'banana-nuts', 5661, 5, 10, false, '2025-09-18 14:09:02.554483');
INSERT INTO public.lesson_attempts VALUES ('677c45bd-b11d-4bb3-9119-08663a246f46', 'bdc27d70-f2bb-470c-9bfa-9cdfc9112d4e', 'fuel-for-football', 'step-1', 1, 1, false, 'sweets', 4077, 4, 0, false, '2025-09-19 07:04:07.940199');
INSERT INTO public.lesson_attempts VALUES ('5d8c29b8-45dd-4c1a-8b2d-703609efb79d', 'bdc27d70-f2bb-470c-9bfa-9cdfc9112d4e', 'fuel-for-football', 'step-1', 1, 2, false, 'sweets', 2011, 3, 0, false, '2025-09-19 07:04:15.943403');
INSERT INTO public.lesson_attempts VALUES ('4ff973d2-b571-46b1-a875-ef8047788d2a', 'bdc27d70-f2bb-470c-9bfa-9cdfc9112d4e', 'fuel-for-football', 'step-1', 1, 3, false, 'sweets', 1776, 2, 0, false, '2025-09-19 07:04:18.257967');
INSERT INTO public.lesson_attempts VALUES ('bfebd8e4-581d-4ea7-bd5e-cc7c6fcca220', 'bdc27d70-f2bb-470c-9bfa-9cdfc9112d4e', 'fuel-for-football', 'step-1', 1, 3, false, 'learn-card-shown', 1776, 2, 0, true, '2025-09-19 07:04:18.401627');
INSERT INTO public.lesson_attempts VALUES ('49ca2e29-d278-4adb-9bc7-cdfa9eccd9f9', 'bdc27d70-f2bb-470c-9bfa-9cdfc9112d4e', 'fuel-for-football', 'step-1', 1, 1, false, 'sweets', 2288, 4, 0, false, '2025-09-19 07:16:41.210561');
INSERT INTO public.lesson_attempts VALUES ('ef45feb5-9686-4d62-ba0d-65ffea195204', 'bdc27d70-f2bb-470c-9bfa-9cdfc9112d4e', 'fuel-for-football', 'step-1', 1, 2, true, 'oats', 5553, 4, 5, false, '2025-09-19 07:17:13.482695');
INSERT INTO public.lesson_attempts VALUES ('05eb645c-11c2-4ad5-9955-21faabbc564e', 'bdc27d70-f2bb-470c-9bfa-9cdfc9112d4e', 'brainfuel-for-school', 'step-1', 1, 1, false, 'fizzy-drink', 3074, 4, 0, false, '2025-09-19 07:17:21.128652');
INSERT INTO public.lesson_attempts VALUES ('585a6bc4-06e6-4f67-9772-f62f8c6574f9', 'bdc27d70-f2bb-470c-9bfa-9cdfc9112d4e', 'fuel-for-football', 'step-1', 1, 1, false, 'sweets', 2929, 4, 0, false, '2025-09-19 07:39:25.315346');
INSERT INTO public.lesson_attempts VALUES ('4be13601-7185-4682-9278-763bb16d9e8e', 'bdc27d70-f2bb-470c-9bfa-9cdfc9112d4e', 'fuel-for-football', 'step-1', 1, 2, false, 'sweets', 2064, 3, 0, false, '2025-09-19 07:39:55.545318');
INSERT INTO public.lesson_attempts VALUES ('bcf3dca9-8a0d-4ac7-b897-f0192a89283f', 'bdc27d70-f2bb-470c-9bfa-9cdfc9112d4e', 'fuel-for-football', 'step-1', 1, 3, false, 'sweets', 2398, 2, 0, false, '2025-09-19 07:39:59.165001');
INSERT INTO public.lesson_attempts VALUES ('b0c9246a-ec3c-4e92-8d3c-9256663f9806', 'bdc27d70-f2bb-470c-9bfa-9cdfc9112d4e', 'fuel-for-football', 'step-1', 1, 3, false, 'learn-card-shown', 2398, 2, 0, true, '2025-09-19 07:39:59.84067');
INSERT INTO public.lesson_attempts VALUES ('a883b0b1-1d83-4b41-a839-cd8c65df32b0', 'bdc27d70-f2bb-470c-9bfa-9cdfc9112d4e', 'fuel-for-football', 'step-1', 1, 1, false, 'white-bread', 2007, 4, 0, false, '2025-09-19 07:51:58.894981');
INSERT INTO public.lesson_attempts VALUES ('e186efd4-5277-4c35-a0da-63b3849e8885', '9ae6e880-f61c-4ff9-83b0-51b24406960f', 'fuel-for-football', 'step-1', 1, 1, true, 'oats', 12650, 5, 10, false, '2025-09-19 08:50:09.708008');
INSERT INTO public.lesson_attempts VALUES ('9b73eafe-bbf9-4af0-8e16-a402ade5b398', '9ae6e880-f61c-4ff9-83b0-51b24406960f', 'fuel-for-football', 'step-2', 2, 1, true, 'true', 3800, 5, 10, false, '2025-09-19 08:50:19.64125');
INSERT INTO public.lesson_attempts VALUES ('e913ce31-0eab-493b-9650-8170369b9b1e', '9ae6e880-f61c-4ff9-83b0-51b24406960f', 'brainfuel-for-school', 'step-1', 1, 1, true, 'brown-rice', 8760, 5, 10, false, '2025-09-19 08:52:02.349215');
INSERT INTO public.lesson_attempts VALUES ('e2a8593b-aacf-476b-ad53-e873e8f31f4c', '9ae6e880-f61c-4ff9-83b0-51b24406960f', 'brainfuel-for-school', 'step-2', 2, 1, false, 'true', 4850, 4, 0, false, '2025-09-19 08:52:15.078903');
INSERT INTO public.lesson_attempts VALUES ('731bb246-2d29-4753-b30d-88382405b9f1', '9ae6e880-f61c-4ff9-83b0-51b24406960f', 'brainfuel-for-school', 'step-2', 2, 2, true, 'false', 2088, 4, 5, false, '2025-09-19 08:52:18.11195');
INSERT INTO public.lesson_attempts VALUES ('4f82756f-e734-4e0d-a598-2f1451727a63', '9ae6e880-f61c-4ff9-83b0-51b24406960f', 'fuel-for-football', 'step-1', 1, 1, true, 'oats', 5482, 5, 10, false, '2025-09-19 08:57:14.799192');
INSERT INTO public.lesson_attempts VALUES ('2faf9201-3ada-4c97-b425-3d21c4deef00', '9ae6e880-f61c-4ff9-83b0-51b24406960f', 'fuel-for-football', 'step-2', 2, 1, false, 'false', 4386, 4, 0, false, '2025-09-19 08:57:22.009887');
INSERT INTO public.lesson_attempts VALUES ('0645027f-c668-443f-aea9-4145c1cdc1af', '9ae6e880-f61c-4ff9-83b0-51b24406960f', 'fuel-for-football', 'step-2', 2, 2, true, 'true', 2973, 4, 5, false, '2025-09-19 08:57:27.757933');
INSERT INTO public.lesson_attempts VALUES ('0fee23aa-e55a-4b93-882b-058ca57919de', 'bdc27d70-f2bb-470c-9bfa-9cdfc9112d4e', 'fuel-for-football', 'step-1', 1, 1, false, 'white-bread', 2864, 4, 0, false, '2025-09-19 09:19:59.156143');
INSERT INTO public.lesson_attempts VALUES ('fa8b256f-153f-4ffa-8701-0c09bcefbca9', 'bdc27d70-f2bb-470c-9bfa-9cdfc9112d4e', 'brainfuel-for-school', 'step-1', 1, 1, false, 'white-bread', 2146, 4, 0, false, '2025-09-19 09:20:12.130723');
INSERT INTO public.lesson_attempts VALUES ('ca0ebf6a-4490-40ef-9385-d462a7634b2a', 'bdc27d70-f2bb-470c-9bfa-9cdfc9112d4e', 'brainfuel-for-school', 'step-1', 1, 2, false, 'white-bread', 2009, 3, 0, false, '2025-09-19 09:20:15.526052');
INSERT INTO public.lesson_attempts VALUES ('5fe6c28c-0c2b-4962-8d46-701f76dbd427', 'bdc27d70-f2bb-470c-9bfa-9cdfc9112d4e', 'brainfuel-for-school', 'step-1', 1, 3, false, 'white-bread', 2047, 2, 0, false, '2025-09-19 09:20:18.216874');
INSERT INTO public.lesson_attempts VALUES ('b1ba51fd-0d19-48ee-8ec5-362e735155d1', 'bdc27d70-f2bb-470c-9bfa-9cdfc9112d4e', 'brainfuel-for-school', 'step-1', 1, 3, false, 'learn-card-shown', 2047, 2, 0, true, '2025-09-19 09:20:18.3459');
INSERT INTO public.lesson_attempts VALUES ('413dd145-f33c-445c-b7ce-8703c77d5377', 'bdc27d70-f2bb-470c-9bfa-9cdfc9112d4e', 'fuel-for-football', 'step-1', 1, 1, true, 'oats', 2819, 5, 10, false, '2025-09-19 09:20:26.955562');
INSERT INTO public.lesson_attempts VALUES ('b4202594-d4f1-4bba-a91f-a58aa960ec2d', 'bdc27d70-f2bb-470c-9bfa-9cdfc9112d4e', 'fuel-for-football', 'step-2', 2, 1, true, 'true', 2347, 5, 10, false, '2025-09-19 09:20:32.168669');
INSERT INTO public.lesson_attempts VALUES ('905b9eb9-6d04-4ea6-9796-a670ea2358cc', 'bdc27d70-f2bb-470c-9bfa-9cdfc9112d4e', 'fuel-for-football', 'step-1', 1, 1, false, 'porridge', 1958, 4, 0, false, '2025-09-22 07:23:44.828148');
INSERT INTO public.lesson_attempts VALUES ('38325de9-90af-449f-8062-71b92c824d21', 'bdc27d70-f2bb-470c-9bfa-9cdfc9112d4e', 'fuel-for-football', 'step-1', 1, 1, false, 'porridge', 1859, 4, 0, false, '2025-09-22 07:23:56.88193');
INSERT INTO public.lesson_attempts VALUES ('f4c1ee09-dba5-4568-aa99-73a07eede8ef', 'bdc27d70-f2bb-470c-9bfa-9cdfc9112d4e', 'fuel-for-football', 'step-1', 1, 1, true, 'porridge', 2234, 5, 10, false, '2025-09-22 07:32:13.043814');
INSERT INTO public.lesson_attempts VALUES ('5abc8961-91d8-4d5a-8273-39863cbacc77', 'bdc27d70-f2bb-470c-9bfa-9cdfc9112d4e', 'fuel-for-football', 'step-2', 2, 1, true, 'true', 4158, 5, 10, false, '2025-09-22 07:32:19.780154');
INSERT INTO public.lesson_attempts VALUES ('9aec9e27-c264-46bb-9ab0-f8ef41cdc34f', 'bdc27d70-f2bb-470c-9bfa-9cdfc9112d4e', 'fuel-for-football', 'step-3', 3, 1, true, '{"🥣 Yogurt with berries":"Recovery fuel for muscles","🥚 Boiled egg":"Protein for strength","🥦 Broccoli":"Vitamins for stamina"}', 13527, 5, 15, false, '2025-09-22 07:32:35.614769');
INSERT INTO public.lesson_attempts VALUES ('5fcb2bfa-d03a-4376-ba25-20fa77b7ed0c', 'bdc27d70-f2bb-470c-9bfa-9cdfc9112d4e', 'fuel-for-football', 'step-4', 4, 1, true, 'banana', 2781, 5, 10, false, '2025-09-22 07:32:41.628962');
INSERT INTO public.lesson_attempts VALUES ('8fc5ae02-d43f-40a4-a7e7-f89d87a5695a', 'bdc27d70-f2bb-470c-9bfa-9cdfc9112d4e', 'brainfuel-for-school', 'step-1-brain', 1, 1, true, 'porridge-berries', 4938, 5, 10, false, '2025-09-22 07:32:52.362802');
INSERT INTO public.lesson_attempts VALUES ('97e36438-e65c-47fa-9518-1fb073b4ac25', 'bdc27d70-f2bb-470c-9bfa-9cdfc9112d4e', 'brainfuel-for-school', 'step-2-brain', 2, 1, true, 'true', 4148, 5, 10, false, '2025-09-22 07:32:58.887022');
INSERT INTO public.lesson_attempts VALUES ('cbcc9148-682b-49ea-b196-c7e8ac033fc8', 'bdc27d70-f2bb-470c-9bfa-9cdfc9112d4e', 'brainfuel-for-school', 'step-3-brain', 3, 1, true, '{"🥦 Broccoli":"Vitamins to stay healthy","🥚 Eggs":"Energy to focus in lessons","🫘 Beans":"Oxygen for clear thinking","🐟 Salmon":"Stronger memory for tests"}', 16233, 5, 15, false, '2025-09-22 07:33:17.45196');
INSERT INTO public.lesson_attempts VALUES ('6ad390a1-9945-4da5-9404-ecb69106c5e3', 'bdc27d70-f2bb-470c-9bfa-9cdfc9112d4e', 'brainfuel-for-school', 'step-1-brain', 1, 1, true, 'porridge-berries', 4738, 5, 10, false, '2025-09-22 07:34:09.936835');
INSERT INTO public.lesson_attempts VALUES ('b287a5c7-8adb-4d9c-9d4a-ec9bf78d8f70', 'bdc27d70-f2bb-470c-9bfa-9cdfc9112d4e', 'brainfuel-for-school', 'step-2-brain', 2, 1, true, 'true', 2070, 5, 10, false, '2025-09-22 07:34:14.552822');
INSERT INTO public.lesson_attempts VALUES ('ca4b6500-3a48-4189-984a-4518ef8fda5d', 'bdc27d70-f2bb-470c-9bfa-9cdfc9112d4e', 'brainfuel-for-school', 'step-3-brain', 3, 1, true, '{"🥚 Eggs":"Energy to focus in lessons","🐟 Salmon":"Stronger memory for tests","🫘 Beans":"Oxygen for clear thinking","🥦 Broccoli":"Vitamins to stay healthy"}', 12012, 5, 15, false, '2025-09-22 07:34:30.814052');
INSERT INTO public.lesson_attempts VALUES ('0cd0bff1-110b-4ab8-914c-80294479ecd5', 'bdc27d70-f2bb-470c-9bfa-9cdfc9112d4e', 'brainfuel-for-school', 'step-1-brain', 1, 1, true, 'porridge-berries', 3151, 5, 10, false, '2025-09-22 07:37:47.908487');
INSERT INTO public.lesson_attempts VALUES ('d9ccac90-5de9-434b-b25e-316766df55ec', 'bdc27d70-f2bb-470c-9bfa-9cdfc9112d4e', 'brainfuel-for-school', 'step-2-brain', 2, 1, true, 'true', 2732, 5, 10, false, '2025-09-22 07:37:53.542401');
INSERT INTO public.lesson_attempts VALUES ('39b4f865-005a-47c3-a1cf-40f205cde258', 'bdc27d70-f2bb-470c-9bfa-9cdfc9112d4e', 'brainfuel-for-school', 'step-3-brain', 3, 1, true, '{"🫘 Beans":"Oxygen for clear thinking","🥦 Broccoli":"Vitamins to stay healthy","🥚 Eggs":"Energy to focus in lessons","🐟 Salmon":"Stronger memory for tests"}', 16272, 5, 15, false, '2025-09-22 07:38:13.12675');
INSERT INTO public.lesson_attempts VALUES ('93378a12-ef1e-4259-8222-2a2bbef30bb1', 'bdc27d70-f2bb-470c-9bfa-9cdfc9112d4e', 'fuel-for-football', 'step-1', 1, 1, false, 'croissant', 4510, 4, 0, false, '2025-09-22 07:41:52.975502');
INSERT INTO public.lesson_attempts VALUES ('0470a3d0-25fd-4f85-a7d5-86ad36bcbd02', 'bdc27d70-f2bb-470c-9bfa-9cdfc9112d4e', 'fuel-for-football', 'step-1', 1, 1, true, 'porridge', 15596, 5, 10, false, '2025-09-22 07:44:02.735035');
INSERT INTO public.lesson_attempts VALUES ('655170e5-bf8e-4c42-8a23-14cbefddae3c', 'bdc27d70-f2bb-470c-9bfa-9cdfc9112d4e', 'fuel-for-football', 'step-2', 2, 1, true, 'true', 2307, 5, 10, false, '2025-09-22 07:44:11.464024');
INSERT INTO public.lesson_attempts VALUES ('82769a0c-68f0-4e57-82c8-7b28e9b3fd93', 'bdc27d70-f2bb-470c-9bfa-9cdfc9112d4e', 'fuel-for-football', 'step-3', 3, 1, true, '{"🥦 Broccoli":"Vitamins for stamina","🥚 Boiled egg":"Protein for strength","🥣 Yogurt with berries":"Recovery fuel for muscles"}', 10137, 5, 15, false, '2025-09-22 07:44:24.005779');
INSERT INTO public.lesson_attempts VALUES ('51108752-30ea-4f9c-9462-c8aa3e1fd36a', 'bdc27d70-f2bb-470c-9bfa-9cdfc9112d4e', 'fuel-for-football', 'step-4', 4, 1, true, 'banana', 2802, 5, 10, false, '2025-09-22 07:44:29.222719');
INSERT INTO public.lesson_attempts VALUES ('7e509d8d-2d4a-4212-a166-c94f87594938', 'bdc27d70-f2bb-470c-9bfa-9cdfc9112d4e', 'fuel-for-football', 'step-5', 5, 1, true, '["pasta","yogurt","broccoli"]', 6402, 5, 10, false, '2025-09-22 07:44:38.461728');
INSERT INTO public.lesson_attempts VALUES ('407c74de-0b01-47e8-a4a5-9114de92de3a', 'bdc27d70-f2bb-470c-9bfa-9cdfc9112d4e', 'fuel-for-football', 'step-6', 6, 1, false, 'muscles', 3873, 4, 0, false, '2025-09-22 07:44:45.378889');
INSERT INTO public.lesson_attempts VALUES ('d42d5b03-4e8d-4991-9187-ef5f853075be', 'bdc27d70-f2bb-470c-9bfa-9cdfc9112d4e', 'fuel-for-football', 'step-6', 6, 2, false, 'muscles', 4239, 3, 0, false, '2025-09-22 07:44:51.220886');
INSERT INTO public.lesson_attempts VALUES ('9c024c60-9dc7-4b00-b605-2ca0db1a5cb2', 'bdc27d70-f2bb-470c-9bfa-9cdfc9112d4e', 'brainfuel-for-school', 'step-1-brain', 1, 1, false, 'brown-rice', 6117, 4, 0, false, '2025-09-22 07:45:41.876652');
INSERT INTO public.lesson_attempts VALUES ('0a893643-3c26-42cd-b303-5bd5e7da1ca9', 'bdc27d70-f2bb-470c-9bfa-9cdfc9112d4e', 'brainfuel-for-school', 'step-1-brain', 1, 1, false, 'brown-rice', 2631, 4, 0, false, '2025-09-22 07:45:50.931181');
INSERT INTO public.lesson_attempts VALUES ('1a3f2aeb-1d17-4f98-ac30-4f5aeb84849a', 'bdc27d70-f2bb-470c-9bfa-9cdfc9112d4e', 'fuel-for-football', 'step-1', 1, 1, false, 'oats', 4227, 4, 0, false, '2025-09-22 07:49:28.286518');
INSERT INTO public.lesson_attempts VALUES ('cca774ce-2762-4f82-898c-ee155b224612', 'bdc27d70-f2bb-470c-9bfa-9cdfc9112d4e', 'fuel-for-football', 'step-1', 1, 1, true, 'oats', 2583, 5, 10, false, '2025-09-22 07:52:28.970236');
INSERT INTO public.lesson_attempts VALUES ('e5975c68-a517-4a8e-b464-4fc1c419e1ec', 'bdc27d70-f2bb-470c-9bfa-9cdfc9112d4e', 'fuel-for-football', 'step-2', 2, 1, true, 'true', 2883, 5, 10, false, '2025-09-22 07:52:34.74907');
INSERT INTO public.lesson_attempts VALUES ('1a14d9a9-d657-4219-a0f9-f4c4d7e2bada', 'bdc27d70-f2bb-470c-9bfa-9cdfc9112d4e', 'fuel-for-football', 'step-3', 3, 1, true, '{"🍟 Crisps":"Extra fat, not much help on the pitch","🥛 Yogurt":"Repairs muscles and strengthens bones","🥣 Oats":"Long-lasting energy for running"}', 15959, 5, 15, false, '2025-09-22 07:52:53.511976');
INSERT INTO public.lesson_attempts VALUES ('7bce5a76-80af-42b6-a7e4-08b347fca528', 'bdc27d70-f2bb-470c-9bfa-9cdfc9112d4e', 'fuel-for-football', 'step-4', 4, 1, true, 'banana', 3291, 5, 10, false, '2025-09-22 07:53:10.528222');
INSERT INTO public.lesson_attempts VALUES ('ab6abc00-75d9-4abf-8c19-21a186c135c1', 'bdc27d70-f2bb-470c-9bfa-9cdfc9112d4e', 'fuel-for-football', 'step-5', 5, 1, true, '["pasta","yogurt","broccoli"]', 5713, 5, 10, false, '2025-09-22 07:53:20.232087');
INSERT INTO public.lesson_attempts VALUES ('b3ca6e02-8450-4d86-8ef9-a316791c19ca', 'bdc27d70-f2bb-470c-9bfa-9cdfc9112d4e', 'fuel-for-football', 'step-6', 6, 1, true, 'muscles', 3060, 5, 10, false, '2025-09-22 07:53:27.733091');
INSERT INTO public.lesson_attempts VALUES ('9316d47b-9b0e-4acf-a2df-64f566eabe7b', 'bdc27d70-f2bb-470c-9bfa-9cdfc9112d4e', 'fuel-for-football', 'step-1', 1, 1, true, 'oats', 2639, 5, 10, false, '2025-09-22 07:53:36.105018');
INSERT INTO public.lesson_attempts VALUES ('6c7704bf-99c7-454d-8e25-9205d6b91d99', 'bdc27d70-f2bb-470c-9bfa-9cdfc9112d4e', 'fuel-for-football', 'step-2', 2, 1, true, 'true', 2934, 5, 10, false, '2025-09-22 07:53:41.578811');
INSERT INTO public.lesson_attempts VALUES ('71af2e73-e271-407c-ba84-b14e3c91528e', 'bdc27d70-f2bb-470c-9bfa-9cdfc9112d4e', 'fuel-for-football', 'step-3', 3, 1, true, '{"🍟 Crisps":"Extra fat, not much help on the pitch","🥣 Oats":"Long-lasting energy for running","🥛 Yogurt":"Repairs muscles and strengthens bones"}', 8839, 5, 15, false, '2025-09-22 07:53:53.421197');
INSERT INTO public.lesson_attempts VALUES ('2856c600-dcb3-4d00-a3a2-206d2f4aacfe', 'bdc27d70-f2bb-470c-9bfa-9cdfc9112d4e', 'fuel-for-football', 'step-4', 4, 1, true, 'banana', 5295, 5, 10, false, '2025-09-22 07:56:13.561325');
INSERT INTO public.lesson_attempts VALUES ('dec418b8-5cc0-4061-bff2-388d36644798', 'bdc27d70-f2bb-470c-9bfa-9cdfc9112d4e', 'fuel-for-football', 'step-5', 5, 1, true, '["pasta","yogurt","broccoli"]', 6854, 5, 10, false, '2025-09-22 07:56:23.047504');
INSERT INTO public.lesson_attempts VALUES ('e1a6a044-4c4b-449a-a124-74e4ed389f49', 'bdc27d70-f2bb-470c-9bfa-9cdfc9112d4e', 'fuel-for-football', 'step-6', 6, 1, true, 'muscles', 2737, 5, 10, false, '2025-09-22 07:56:28.468707');
INSERT INTO public.lesson_attempts VALUES ('77d2eef5-e121-4dd6-b062-0f0acf7c8db4', 'bdc27d70-f2bb-470c-9bfa-9cdfc9112d4e', 'fuel-for-football', 'step-1', 1, 1, true, 'oats', 2752, 5, 10, false, '2025-09-22 07:58:10.051787');
INSERT INTO public.lesson_attempts VALUES ('138bf293-f981-4103-8bf3-06140a68e37a', 'bdc27d70-f2bb-470c-9bfa-9cdfc9112d4e', 'fuel-for-football', 'step-2', 2, 1, true, 'true', 3015, 5, 10, false, '2025-09-22 07:58:15.856198');
INSERT INTO public.lesson_attempts VALUES ('9532cf3c-5d77-4006-b7a2-4a589cee086f', 'bdc27d70-f2bb-470c-9bfa-9cdfc9112d4e', 'fuel-for-football', 'step-3', 3, 1, true, '{"🥣 Oats":"Long-lasting energy for running","🥛 Yogurt":"Repairs muscles and strengthens bones","🍟 Crisps":"Extra fat, not much help on the pitch"}', 7354, 5, 15, false, '2025-09-22 07:58:25.581775');
INSERT INTO public.lesson_attempts VALUES ('7ee5dbec-cef4-4271-b94e-5e77df5d5c39', 'bdc27d70-f2bb-470c-9bfa-9cdfc9112d4e', 'brainfuel-for-school', 'step-1-brain', 1, 1, true, 'brown-rice', 2361, 5, 10, false, '2025-09-22 08:04:37.491654');
INSERT INTO public.lesson_attempts VALUES ('52633ade-7b68-4dc1-bfb3-105fb59d3bac', 'bdc27d70-f2bb-470c-9bfa-9cdfc9112d4e', 'brainfuel-for-school', 'step-2-brain', 2, 1, true, 'false', 3908, 5, 10, false, '2025-09-22 08:04:44.027933');
INSERT INTO public.lesson_attempts VALUES ('e72d03cc-c63e-4277-83e4-12d5279afcb6', 'bdc27d70-f2bb-470c-9bfa-9cdfc9112d4e', 'brainfuel-for-school', 'step-3-brain', 3, 1, true, '{"🩸 Iron":"Carries oxygen to the brain (clear thinking)","🧠 Omega-3 fats":"Supports memory & learning (cell membranes)","🛡️ Vitamin C":"Helps protect cells (antioxidant)","⚡ B vitamins":"Helps release energy from food for focus"}', 28983, 5, 15, false, '2025-09-22 08:05:15.426874');
INSERT INTO public.lesson_attempts VALUES ('5ae15cd3-fb48-4512-adf6-ff1e6db480b1', 'bdc27d70-f2bb-470c-9bfa-9cdfc9112d4e', 'brainfuel-for-school', 'step-4-brain', 4, 1, true, 'banana-nuts', 3803, 5, 10, false, '2025-09-22 08:05:22.3609');
INSERT INTO public.lesson_attempts VALUES ('7b1794c8-6b17-45d7-8656-5d9363cd2c04', 'bdc27d70-f2bb-470c-9bfa-9cdfc9112d4e', 'brainfuel-for-school', 'step-5-brain', 5, 1, true, '["chew-mouth","stomach-breakdown","small-intestine","blood-transport"]', 6097, 5, 15, false, '2025-09-22 08:05:31.183922');
INSERT INTO public.lesson_attempts VALUES ('6056aa67-a8d9-4500-9d88-0c7ccf742861', 'bdc27d70-f2bb-470c-9bfa-9cdfc9112d4e', 'brainfuel-for-school', 'step-6-brain', 6, 1, true, 'tiredness-focus', 4510, 5, 10, false, '2025-09-22 08:05:38.643912');
INSERT INTO public.lesson_attempts VALUES ('fc6826dc-2157-40a9-b12d-c56e87903e75', 'bdc27d70-f2bb-470c-9bfa-9cdfc9112d4e', 'fuel-for-football', 'step-1', 1, 1, true, 'oats', 4710, 5, 10, false, '2025-09-22 08:16:22.930819');
INSERT INTO public.lesson_attempts VALUES ('0818d31d-c03d-4a62-bd36-2e72b95efc7e', 'bdc27d70-f2bb-470c-9bfa-9cdfc9112d4e', 'fuel-for-football', 'step-2', 2, 1, true, 'true', 2975, 5, 10, false, '2025-09-22 08:16:28.315843');
INSERT INTO public.lesson_attempts VALUES ('247bc90e-c449-4dab-a125-a0bdcefffc08', 'bdc27d70-f2bb-470c-9bfa-9cdfc9112d4e', 'brainfuel-for-school', 'step-1-brain', 1, 1, true, 'brown-rice', 4935, 5, 10, false, '2025-09-29 06:42:00.274059');
INSERT INTO public.lesson_attempts VALUES ('73d03c26-5a9c-4df4-a0f7-d9fb0b704ccb', 'bdc27d70-f2bb-470c-9bfa-9cdfc9112d4e', 'fuel-for-football', 'step-3', 3, 1, true, '{"🥛 Yogurt":"Repairs muscles and strengthens bones","🍟 Crisps":"Extra fat, not much help on the pitch","🥣 Oats":"Long-lasting energy for running"}', 8434, 5, 15, false, '2025-09-22 08:16:39.287866');
INSERT INTO public.lesson_attempts VALUES ('23c9fd5d-669c-425b-a051-c5efc355fd80', 'bdc27d70-f2bb-470c-9bfa-9cdfc9112d4e', 'fuel-for-football', 'step-4', 4, 1, true, 'banana', 2739, 5, 10, false, '2025-09-22 08:16:44.574243');
INSERT INTO public.lesson_attempts VALUES ('4577ca04-3590-48bf-99c4-66d5f4142fb4', 'bdc27d70-f2bb-470c-9bfa-9cdfc9112d4e', 'fuel-for-football', 'step-5', 5, 1, true, '["pasta","yogurt","broccoli"]', 3131, 5, 10, false, '2025-09-22 08:16:50.493526');
INSERT INTO public.lesson_attempts VALUES ('1ba74360-c66e-4e56-a1ba-32402d79651e', 'bdc27d70-f2bb-470c-9bfa-9cdfc9112d4e', 'fuel-for-football', 'step-6', 6, 1, true, 'muscles', 2155, 5, 10, false, '2025-09-22 08:16:55.245675');
INSERT INTO public.lesson_attempts VALUES ('322c2016-7711-4574-8424-836913884ba5', 'bdc27d70-f2bb-470c-9bfa-9cdfc9112d4e', 'brainfuel-for-school', 'step-1-brain', 1, 1, false, 'white-bread', 2536, 4, 0, false, '2025-09-22 08:17:10.870419');
INSERT INTO public.lesson_attempts VALUES ('3ca82d4b-9513-4565-8f0e-cd5e178ec9a2', 'bdc27d70-f2bb-470c-9bfa-9cdfc9112d4e', 'brainfuel-for-school', 'step-1-brain', 1, 2, false, 'white-bread', 2020, 3, 0, false, '2025-09-22 08:17:14.101005');
INSERT INTO public.lesson_attempts VALUES ('ce1a064c-1521-44b0-819a-a55736124cbc', 'bdc27d70-f2bb-470c-9bfa-9cdfc9112d4e', 'brainfuel-for-school', 'step-1-brain', 1, 3, false, 'white-bread', 2359, 2, 0, false, '2025-09-22 08:17:17.208451');
INSERT INTO public.lesson_attempts VALUES ('3b8065d5-7824-4081-bbb8-cabbcc3043de', 'bdc27d70-f2bb-470c-9bfa-9cdfc9112d4e', 'brainfuel-for-school', 'step-1-brain', 1, 3, false, 'learn-card-shown', 2359, 2, 0, true, '2025-09-22 08:17:17.213066');
INSERT INTO public.lesson_attempts VALUES ('b98b2c30-de8b-436e-8351-009e2e3da23e', 'bdc27d70-f2bb-470c-9bfa-9cdfc9112d4e', 'fuel-for-football', 'step-1', 1, 1, false, 'sweets', 2230, 4, 0, false, '2025-09-22 08:36:32.153505');
INSERT INTO public.lesson_attempts VALUES ('afc68f0e-1e2f-49f7-8553-1708d7f699fc', 'bdc27d70-f2bb-470c-9bfa-9cdfc9112d4e', 'fuel-for-football', 'step-1', 1, 2, false, 'white-bread', 12055, 3, 0, false, '2025-09-22 08:36:41.976998');
INSERT INTO public.lesson_attempts VALUES ('a61596ca-7ca0-46c7-9e2e-350b546d60f4', 'bdc27d70-f2bb-470c-9bfa-9cdfc9112d4e', 'fuel-for-football', 'step-1', 1, 3, true, 'oats', 15711, 3, 0, false, '2025-09-22 08:36:45.635638');
INSERT INTO public.lesson_attempts VALUES ('5ab0c50d-e892-4b2d-b512-7503fdfc8502', 'bdc27d70-f2bb-470c-9bfa-9cdfc9112d4e', 'fuel-for-football', 'step-2', 2, 1, false, 'false', 2094, 2, 0, false, '2025-09-22 08:36:50.506973');
INSERT INTO public.lesson_attempts VALUES ('c4a7cd9c-fdc3-4f78-81e1-beb08379cde2', 'bdc27d70-f2bb-470c-9bfa-9cdfc9112d4e', 'fuel-for-football', 'step-1', 1, 1, false, 'white-bread', 3095, 4, 0, false, '2025-09-22 09:38:04.208811');
INSERT INTO public.lesson_attempts VALUES ('de449d74-c741-4e6d-a4b0-da670ab8d0a0', 'bdc27d70-f2bb-470c-9bfa-9cdfc9112d4e', 'fuel-for-football', 'step-1', 1, 2, false, 'white-bread', 10721, 3, 0, false, '2025-09-22 09:38:11.815303');
INSERT INTO public.lesson_attempts VALUES ('371f7491-3e64-4629-94cd-c46df2041f81', 'bdc27d70-f2bb-470c-9bfa-9cdfc9112d4e', 'fuel-for-football', 'step-1', 1, 3, false, 'learn-card-shown', 13632, 2, 0, true, '2025-09-22 09:38:14.724967');
INSERT INTO public.lesson_attempts VALUES ('e459a718-1177-43e6-ac4e-1db4c3de17f8', 'bdc27d70-f2bb-470c-9bfa-9cdfc9112d4e', 'fuel-for-football', 'step-1', 1, 3, false, 'white-bread', 13632, 2, 0, false, '2025-09-22 09:38:14.843515');
INSERT INTO public.lesson_attempts VALUES ('806c6713-acc7-4678-a384-e8076cbfbb83', 'bdc27d70-f2bb-470c-9bfa-9cdfc9112d4e', 'brainfuel-for-school', 'step-1-brain', 1, 1, false, 'white-bread', 2696, 4, 0, false, '2025-09-22 09:38:22.149264');
INSERT INTO public.lesson_attempts VALUES ('470d225a-eb65-4a5d-a5ac-1de9a9cec798', 'bdc27d70-f2bb-470c-9bfa-9cdfc9112d4e', 'fuel-for-football', 'step-1', 1, 1, false, 'sweets', 2107, 4, 0, false, '2025-09-22 09:41:07.329958');
INSERT INTO public.lesson_attempts VALUES ('c3d83cb1-5282-4007-a8f0-6ed1034a41db', 'bdc27d70-f2bb-470c-9bfa-9cdfc9112d4e', 'fuel-for-football', 'step-1', 1, 2, false, 'sweets', 5317, 3, 0, false, '2025-09-22 09:41:10.546511');
INSERT INTO public.lesson_attempts VALUES ('ea8df155-3d95-4bc0-b7bb-ce5d906dd84e', 'bdc27d70-f2bb-470c-9bfa-9cdfc9112d4e', 'fuel-for-football', 'step-1', 1, 3, false, 'sweets', 7051, 2, 0, false, '2025-09-22 09:41:12.275498');
INSERT INTO public.lesson_attempts VALUES ('5b71635c-15ff-4050-9a54-5aa8e8f14f1c', 'bdc27d70-f2bb-470c-9bfa-9cdfc9112d4e', 'fuel-for-football', 'step-1', 1, 3, false, 'learn-card-shown', 7051, 2, 0, true, '2025-09-22 09:41:12.277431');
INSERT INTO public.lesson_attempts VALUES ('ba1a62a2-f637-41a4-b367-eef1deb56ab2', 'bdc27d70-f2bb-470c-9bfa-9cdfc9112d4e', 'fuel-for-football', 'step-2', 2, 1, false, 'false', 2077, 1, 0, false, '2025-09-22 09:41:15.89868');
INSERT INTO public.lesson_attempts VALUES ('c82ee34c-4f89-441e-a6a3-62b14e5448b3', 'bdc27d70-f2bb-470c-9bfa-9cdfc9112d4e', 'fuel-for-football', 'step-2', 2, 2, false, 'false', 5548, 0, 0, false, '2025-09-22 09:41:19.369268');
INSERT INTO public.lesson_attempts VALUES ('490c8e2d-0a93-4802-917b-69abc7bbe765', 'bdc27d70-f2bb-470c-9bfa-9cdfc9112d4e', 'fuel-for-football', 'step-1', 1, 1, false, 'white-bread', 33486, 4, 0, false, '2025-09-22 10:02:00.527702');
INSERT INTO public.lesson_attempts VALUES ('fe9ce627-c0ae-462e-a232-f6844c48b797', 'bdc27d70-f2bb-470c-9bfa-9cdfc9112d4e', 'fuel-for-football', 'step-1', 1, 2, false, 'white-bread', 37768, 3, 0, false, '2025-09-22 10:02:04.655055');
INSERT INTO public.lesson_attempts VALUES ('d7748c18-43b6-4596-a453-c9c10fb9c218', 'bdc27d70-f2bb-470c-9bfa-9cdfc9112d4e', 'fuel-for-football', 'step-1', 1, 3, false, 'white-bread', 40880, 2, 0, false, '2025-09-22 10:02:07.768195');
INSERT INTO public.lesson_attempts VALUES ('dc6311a3-9252-46da-abe4-9b71c87f2665', 'bdc27d70-f2bb-470c-9bfa-9cdfc9112d4e', 'fuel-for-football', 'step-1', 1, 3, false, 'learn-card-shown', 40880, 2, 0, true, '2025-09-22 10:02:08.492077');
INSERT INTO public.lesson_attempts VALUES ('b6e51129-2f3b-4553-bf8e-d90c87529432', 'bdc27d70-f2bb-470c-9bfa-9cdfc9112d4e', 'brainfuel-for-school', 'step-1-brain', 1, 1, true, 'brown-rice', 2221, 5, 10, false, '2025-09-22 10:02:25.63115');
INSERT INTO public.lesson_attempts VALUES ('764ccc74-f5ba-4fba-973a-a3f27953125b', 'bdc27d70-f2bb-470c-9bfa-9cdfc9112d4e', 'fuel-for-football', 'step-1', 1, 1, true, 'oats', 2052, 5, 10, false, '2025-09-22 10:02:33.869841');
INSERT INTO public.lesson_attempts VALUES ('6022e4ee-ea38-4c4a-a3b1-148bcfec83ed', 'bdc27d70-f2bb-470c-9bfa-9cdfc9112d4e', 'fuel-for-football', 'step-1', 1, 1, true, 'oats', 2186, 5, 10, false, '2025-09-22 10:09:57.136498');
INSERT INTO public.lesson_attempts VALUES ('8b9eff02-63e6-4250-8e84-bb8e0fe0cae0', 'bdc27d70-f2bb-470c-9bfa-9cdfc9112d4e', 'fuel-for-football', 'step-1', 1, 1, true, 'oats', 2153, 5, 10, false, '2025-09-22 10:12:34.76493');
INSERT INTO public.lesson_attempts VALUES ('995ec021-065a-472f-8554-14666dc2034a', 'bdc27d70-f2bb-470c-9bfa-9cdfc9112d4e', 'fuel-for-football', 'step-2', 2, 1, true, 'true', 3800, 5, 10, false, '2025-09-22 10:12:40.845312');
INSERT INTO public.lesson_attempts VALUES ('b36aae6d-c20c-4799-b09f-3967a94301f9', 'bdc27d70-f2bb-470c-9bfa-9cdfc9112d4e', 'fuel-for-football', 'step-3', 3, 1, false, '{"🥣 Oats":"Long-lasting energy for running","🥛 Yogurt":"Extra fat, not much help on the pitch","🍟 Crisps":"Repairs muscles and strengthens bones"}', 8288, 4, 0, false, '2025-09-22 10:12:51.638686');
INSERT INTO public.lesson_attempts VALUES ('39fb5b42-d82d-444d-bfe2-e7d44a68d08c', 'bdc27d70-f2bb-470c-9bfa-9cdfc9112d4e', 'brainfuel-for-school', 'step-1-brain', 1, 1, true, 'brown-rice', 2813, 5, 10, false, '2025-09-22 10:12:59.521289');
INSERT INTO public.lesson_attempts VALUES ('b1300397-b0c3-4f69-95ab-84520a90bb77', 'bdc27d70-f2bb-470c-9bfa-9cdfc9112d4e', 'fuel-for-football', 'step-1', 1, 1, true, 'oats', 2481, 5, 10, false, '2025-09-22 10:14:44.809143');
INSERT INTO public.lesson_attempts VALUES ('f330a9f9-635a-4739-b2cd-a920c39f3267', 'bdc27d70-f2bb-470c-9bfa-9cdfc9112d4e', 'fuel-for-football', 'step-2', 2, 1, true, 'true', 6167, 5, 10, false, '2025-09-22 10:14:57.953456');
INSERT INTO public.lesson_attempts VALUES ('ccf603a5-7b98-4656-ac69-914b47584f4a', 'bdc27d70-f2bb-470c-9bfa-9cdfc9112d4e', 'fuel-for-football', 'step-3', 3, 1, true, '{"🥛 Yogurt":"Repairs muscles and strengthens bones","🍟 Crisps":"Extra fat, not much help on the pitch","🥣 Oats":"Long-lasting energy for running"}', 19362, 5, 15, false, '2025-09-22 10:15:20.410418');
INSERT INTO public.lesson_attempts VALUES ('3af347aa-e4c7-482f-9f67-6711d3fa997d', 'bdc27d70-f2bb-470c-9bfa-9cdfc9112d4e', 'fuel-for-football', 'step-4', 4, 1, true, 'banana', 2762, 5, 10, false, '2025-09-22 10:15:25.838771');
INSERT INTO public.lesson_attempts VALUES ('0b4b14a3-2416-4ab9-a01b-b02e1af833d0', 'bdc27d70-f2bb-470c-9bfa-9cdfc9112d4e', 'fuel-for-football', 'step-5', 5, 1, true, '["pasta","yogurt","broccoli"]', 4256, 5, 10, false, '2025-09-22 10:15:32.854364');
INSERT INTO public.lesson_attempts VALUES ('b0a5a6e0-b308-4c9a-8719-26096df7b46c', 'bdc27d70-f2bb-470c-9bfa-9cdfc9112d4e', 'fuel-for-football', 'step-6', 6, 1, true, 'muscles', 2654, 5, 10, false, '2025-09-22 10:15:38.270873');
INSERT INTO public.lesson_attempts VALUES ('466e4a05-233e-4ec3-a837-9902ae2b68be', 'bdc27d70-f2bb-470c-9bfa-9cdfc9112d4e', 'fuel-for-football', 'step-1', 1, 1, false, 'sweets', 3745, 4, 0, false, '2025-09-22 10:15:58.545958');
INSERT INTO public.lesson_attempts VALUES ('c4d69008-33b8-4f3f-a1a6-a2b0e1731600', 'bdc27d70-f2bb-470c-9bfa-9cdfc9112d4e', 'brainfuel-for-school', 'step-1-brain', 1, 1, true, 'brown-rice', 4972, 5, 10, false, '2025-09-24 08:37:43.726547');
INSERT INTO public.lesson_attempts VALUES ('def3587c-88d0-4fd6-9c30-d188ede432c0', 'bdc27d70-f2bb-470c-9bfa-9cdfc9112d4e', 'fuel-for-football', 'step-1', 1, 1, true, 'oats', 5384, 5, 10, false, '2025-09-29 06:40:47.109781');
INSERT INTO public.lesson_attempts VALUES ('37aa95cb-b917-4004-b0e7-915c83753426', 'bdc27d70-f2bb-470c-9bfa-9cdfc9112d4e', 'fuel-for-football', 'step-2', 2, 1, true, 'true', 4516, 5, 10, false, '2025-09-29 06:40:56.347053');
INSERT INTO public.lesson_attempts VALUES ('1ba3a4aa-a53b-417f-88c5-87ee2b3fccd5', 'bdc27d70-f2bb-470c-9bfa-9cdfc9112d4e', 'fuel-for-football', 'step-3', 3, 1, true, '{"🥣 Oats":"Long-lasting energy for running","🍟 Crisps":"Extra fat, not much help on the pitch","🥛 Yogurt":"Repairs muscles and strengthens bones"}', 14830, 5, 15, false, '2025-09-29 06:41:14.452873');
INSERT INTO public.lesson_attempts VALUES ('7bdf653c-7585-4f95-bf1f-afdcff8fb9ef', 'bdc27d70-f2bb-470c-9bfa-9cdfc9112d4e', 'fuel-for-football', 'step-4', 4, 1, true, 'banana', 3899, 5, 10, false, '2025-09-29 06:41:26.044307');
INSERT INTO public.lesson_attempts VALUES ('9c3756b1-bf96-41fa-a8e5-0eeb95702e37', 'bdc27d70-f2bb-470c-9bfa-9cdfc9112d4e', 'fuel-for-football', 'step-5', 5, 1, true, '["pasta","yogurt","broccoli"]', 7365, 5, 10, false, '2025-09-29 06:41:36.909048');
INSERT INTO public.lesson_attempts VALUES ('f2cde2e3-4745-45db-adc7-751cb1fe181b', 'bdc27d70-f2bb-470c-9bfa-9cdfc9112d4e', 'fuel-for-football', 'step-6', 6, 1, true, 'muscles', 4830, 5, 10, false, '2025-09-29 06:41:45.127572');
INSERT INTO public.lesson_attempts VALUES ('8b5dca66-5d43-49c9-8b2e-64351301164f', 'bdc27d70-f2bb-470c-9bfa-9cdfc9112d4e', 'brainfuel-for-school', 'step-2-brain', 2, 1, true, 'false', 4539, 5, 10, false, '2025-09-29 06:42:07.689906');
INSERT INTO public.lesson_attempts VALUES ('28c11b9b-9908-458e-aa5b-9006642b9935', 'bdc27d70-f2bb-470c-9bfa-9cdfc9112d4e', 'brainfuel-for-school', 'step-3-brain', 3, 1, true, '{"🛡️ Vitamin C":"Helps protect cells (antioxidant)","🧠 Omega-3 fats":"Supports memory & learning (cell membranes)","🩸 Iron":"Carries oxygen to the brain (clear thinking)","⚡ B vitamins":"Helps release energy from food for focus"}', 20635, 5, 15, false, '2025-09-29 06:42:31.978957');
INSERT INTO public.lesson_attempts VALUES ('e5eef512-3b1a-46ca-8282-0a1827785084', 'bdc27d70-f2bb-470c-9bfa-9cdfc9112d4e', 'brainfuel-for-school', 'step-4-brain', 4, 1, true, 'banana-nuts', 4310, 5, 10, false, '2025-09-29 06:42:42.214643');
INSERT INTO public.lesson_attempts VALUES ('16288479-cc9b-459f-98f9-4ebe420955e2', 'bdc27d70-f2bb-470c-9bfa-9cdfc9112d4e', 'brainfuel-for-school', 'step-5-brain', 5, 1, true, '["chew-mouth","stomach-breakdown","small-intestine","blood-transport"]', 8010, 5, 15, false, '2025-09-29 06:42:53.349487');
INSERT INTO public.lesson_attempts VALUES ('5a44a2d6-9cb4-435f-b26b-d10d93369f07', 'bdc27d70-f2bb-470c-9bfa-9cdfc9112d4e', 'brainfuel-for-school', 'step-6-brain', 6, 1, true, 'tiredness-focus', 4874, 5, 10, false, '2025-09-29 06:43:02.363435');
INSERT INTO public.lesson_attempts VALUES ('2f52cb29-19f5-4b4c-b6a6-5527cc09ac68', 'eca92b65-fe2d-42ed-8827-3edaba265027', 'fuel-for-football', 'step-1', 1, 1, true, 'oats', 4210, 5, 10, false, '2025-09-29 08:00:24.554239');
INSERT INTO public.lesson_attempts VALUES ('0bbb552b-19e0-4ec3-9835-34fce0e4b59b', 'eca92b65-fe2d-42ed-8827-3edaba265027', 'fuel-for-football', 'step-2', 2, 1, true, 'true', 3069, 5, 10, false, '2025-09-29 08:00:30.53021');
INSERT INTO public.lesson_attempts VALUES ('8b05718d-25d3-45d6-8d99-2e2fb6c8fd5c', 'eca92b65-fe2d-42ed-8827-3edaba265027', 'fuel-for-football', 'step-3', 3, 1, true, '{"🥣 Oats":"Long-lasting energy for running","🍟 Crisps":"Extra fat, not much help on the pitch","🥛 Yogurt":"Repairs muscles and strengthens bones"}', 9259, 5, 15, false, '2025-09-29 08:00:43.373561');
INSERT INTO public.lesson_attempts VALUES ('6fdd2934-d015-4e03-8f53-ebf5651e2778', 'eca92b65-fe2d-42ed-8827-3edaba265027', 'fuel-for-football', 'step-4', 4, 1, true, 'banana', 3219, 5, 10, false, '2025-09-29 08:00:50.429337');
INSERT INTO public.lesson_attempts VALUES ('21c86a3c-11fa-44a6-aab2-72fff9eccece', 'eca92b65-fe2d-42ed-8827-3edaba265027', 'fuel-for-football', 'step-5', 5, 1, true, '["pasta","yogurt","broccoli"]', 6892, 5, 10, false, '2025-09-29 08:01:01.337739');
INSERT INTO public.lesson_attempts VALUES ('a916054a-ed8a-46b9-9ec5-d4f0c2c000df', 'eca92b65-fe2d-42ed-8827-3edaba265027', 'fuel-for-football', 'step-6', 6, 1, true, 'muscles', 3994, 5, 10, false, '2025-09-29 08:01:08.660203');
INSERT INTO public.lesson_attempts VALUES ('f25f1a53-ee3d-4a17-9ef0-93c08678ad6d', 'eca92b65-fe2d-42ed-8827-3edaba265027', 'brainfuel-for-school', 'step-1-brain', 1, 1, true, 'brown-rice', 3720, 5, 10, false, '2025-09-29 08:01:19.036461');
INSERT INTO public.lesson_attempts VALUES ('5a4547a4-048e-48ea-9a4f-f57310704f3a', 'eca92b65-fe2d-42ed-8827-3edaba265027', 'brainfuel-for-school', 'step-2-brain', 2, 1, true, 'false', 4477, 5, 10, false, '2025-09-29 08:01:26.848207');
INSERT INTO public.lesson_attempts VALUES ('5c5f175d-fe97-4f57-96a4-28177a6dc319', 'eca92b65-fe2d-42ed-8827-3edaba265027', 'brainfuel-for-school', 'step-3-brain', 3, 1, true, '{"🧠 Omega-3 fats":"Supports memory & learning (cell membranes)","🩸 Iron":"Carries oxygen to the brain (clear thinking)","⚡ B vitamins":"Helps release energy from food for focus","🛡️ Vitamin C":"Helps protect cells (antioxidant)"}', 16570, 5, 15, false, '2025-09-29 08:01:46.23347');
INSERT INTO public.lesson_attempts VALUES ('39fac749-8d00-4716-8b13-56b6c086909d', 'eca92b65-fe2d-42ed-8827-3edaba265027', 'brainfuel-for-school', 'step-4-brain', 4, 1, true, 'banana-nuts', 3066, 5, 10, false, '2025-09-29 08:01:53.040509');
INSERT INTO public.lesson_attempts VALUES ('820facdf-c0ae-4e1c-bfd6-18460c8ad89e', 'eca92b65-fe2d-42ed-8827-3edaba265027', 'brainfuel-for-school', 'step-5-brain', 5, 1, true, '["chew-mouth","stomach-breakdown","small-intestine","blood-transport"]', 12507, 5, 15, false, '2025-09-29 08:02:08.782788');
INSERT INTO public.lesson_attempts VALUES ('081f97eb-b12e-47cf-b255-5123e069daaa', 'eca92b65-fe2d-42ed-8827-3edaba265027', 'brainfuel-for-school', 'step-6-brain', 6, 1, true, 'tiredness-focus', 5600, 5, 10, false, '2025-09-29 08:02:18.003327');
INSERT INTO public.lesson_attempts VALUES ('3bfd25c0-ec62-4057-ac41-97876ea380e6', '5cac427b-7de6-4145-821a-06968139d5fc', 'fuel-for-football', 'step-1', 1, 1, true, 'oats', 5634, 5, 10, false, '2025-10-21 07:30:22.043843');
INSERT INTO public.lesson_attempts VALUES ('9087f6c3-002b-44c5-9d56-6aafc078befe', '5cac427b-7de6-4145-821a-06968139d5fc', 'fuel-for-football', 'step-2', 2, 1, true, 'true', 4675, 5, 10, false, '2025-10-21 07:30:30.916395');
INSERT INTO public.lesson_attempts VALUES ('2ec2aff4-a0d0-40c2-9731-f8a01aa79a8c', '5cac427b-7de6-4145-821a-06968139d5fc', 'fuel-for-football', 'step-3', 3, 1, true, '{"🍟 Crisps":"Extra fat, not much help on the pitch","🥛 Yogurt":"Repairs muscles and strengthens bones","🥣 Oats":"Long-lasting energy for running"}', 31831, 5, 15, false, '2025-10-21 07:31:10.184972');
INSERT INTO public.lesson_attempts VALUES ('028cbb07-2ab5-408f-a84d-123859b15ec4', '5cac427b-7de6-4145-821a-06968139d5fc', 'fuel-for-football', 'step-4', 4, 1, true, 'banana', 4901, 5, 10, false, '2025-10-21 07:31:32.153557');
INSERT INTO public.lesson_attempts VALUES ('e0aeb005-3c85-4abc-8375-22aea433f13d', '5cac427b-7de6-4145-821a-06968139d5fc', 'fuel-for-football', 'step-5', 5, 1, true, '["pasta","yogurt","broccoli"]', 36633, 5, 10, false, '2025-10-21 07:32:11.893288');
INSERT INTO public.lesson_attempts VALUES ('e32db7ed-28d7-452d-93f6-296406035f0d', '5cac427b-7de6-4145-821a-06968139d5fc', 'fuel-for-football', 'step-6', 6, 1, true, 'muscles', 11709, 5, 10, false, '2025-10-21 07:32:27.368896');
INSERT INTO public.lesson_attempts VALUES ('e28c7f38-6743-42e5-99e4-3ec5d750a0f2', '5cac427b-7de6-4145-821a-06968139d5fc', 'brainfuel-for-school', 'step-1-brain', 1, 1, true, 'brown-rice', 15224, 5, 10, false, '2025-10-21 07:33:08.673705');
INSERT INTO public.lesson_attempts VALUES ('1bff0e72-1fe5-4ade-b84e-8f4ae106284f', '5cac427b-7de6-4145-821a-06968139d5fc', 'brainfuel-for-school', 'step-2-brain', 2, 1, false, 'true', 6939, 4, 0, false, '2025-10-21 07:33:23.952226');
INSERT INTO public.lesson_attempts VALUES ('fea72313-6cfd-40ec-980f-61b3ab2b345e', '5cac427b-7de6-4145-821a-06968139d5fc', 'brainfuel-for-school', 'step-2-brain', 2, 2, true, 'false', 12079, 4, 5, false, '2025-10-21 07:33:28.963167');
INSERT INTO public.lesson_attempts VALUES ('13aad98e-010a-4f85-b55b-08299e2ca178', '5cac427b-7de6-4145-821a-06968139d5fc', 'brainfuel-for-school', 'step-3-brain', 3, 1, true, '{"🩸 Iron":"Carries oxygen to the brain (clear thinking)","🧠 Omega-3 fats":"Supports memory & learning (cell membranes)","🛡️ Vitamin C":"Helps protect cells (antioxidant)","⚡ B vitamins":"Helps release energy from food for focus"}', 29577, 4, 15, false, '2025-10-21 07:34:01.729977');
INSERT INTO public.lesson_attempts VALUES ('b2f05bf8-a1e2-4e7f-a695-9b5a7bbaf773', '5cac427b-7de6-4145-821a-06968139d5fc', 'brainfuel-for-school', 'step-4-brain', 4, 1, true, 'banana-nuts', 9355, 4, 10, false, '2025-10-21 07:34:17.895519');
INSERT INTO public.lesson_attempts VALUES ('4807b106-3335-49eb-9af5-b9adbc6d00fd', '5cac427b-7de6-4145-821a-06968139d5fc', 'brainfuel-for-school', 'step-5-brain', 5, 1, true, '["chew-mouth","stomach-breakdown","small-intestine","blood-transport"]', 16223, 4, 15, false, '2025-10-21 07:34:38.857481');
INSERT INTO public.lesson_attempts VALUES ('db93997d-96be-49eb-8bc3-40e00d8f3555', '5cac427b-7de6-4145-821a-06968139d5fc', 'brainfuel-for-school', 'step-6-brain', 6, 1, true, 'tiredness-focus', 7699, 4, 10, false, '2025-10-21 07:34:50.345403');
INSERT INTO public.lesson_attempts VALUES ('e6b49673-963d-4970-bd72-69ec31f70c8f', '5cac427b-7de6-4145-821a-06968139d5fc', 'fuel-for-football', 'step-1', 1, 1, true, 'oats', 4747, 5, 10, false, '2025-10-22 05:03:03.825388');
INSERT INTO public.lesson_attempts VALUES ('8bb4bcbf-efe8-42a8-babd-b54985295338', '5cac427b-7de6-4145-821a-06968139d5fc', 'fuel-for-football', 'step-2', 2, 1, true, 'true', 5825, 5, 10, false, '2025-10-22 05:03:25.349396');
INSERT INTO public.lesson_attempts VALUES ('1d8f7229-6771-4072-9221-3d4a33c00c93', '5cac427b-7de6-4145-821a-06968139d5fc', 'fuel-for-football', 'step-3', 3, 1, true, '{"🥣 Oats":"Long-lasting energy for running","🍟 Crisps":"Extra fat, not much help on the pitch","🥛 Yogurt":"Repairs muscles and strengthens bones"}', 13271, 5, 15, false, '2025-10-22 05:03:41.758367');
INSERT INTO public.lesson_attempts VALUES ('6871e368-e250-43a5-8329-2e78c369e25c', '5cac427b-7de6-4145-821a-06968139d5fc', 'fuel-for-football', 'step-4', 4, 1, true, 'banana', 2971, 5, 10, false, '2025-10-22 05:03:48.866771');
INSERT INTO public.lesson_attempts VALUES ('4c15b2e9-ff6b-400e-b453-f67f04448463', '5cac427b-7de6-4145-821a-06968139d5fc', 'fuel-for-football', 'step-5', 5, 1, true, '["pasta","yogurt","broccoli"]', 4838, 5, 10, false, '2025-10-22 05:03:56.951922');
INSERT INTO public.lesson_attempts VALUES ('1e829ce7-e347-45c0-bef4-080967357525', '5cac427b-7de6-4145-821a-06968139d5fc', 'fuel-for-football', 'step-6', 6, 1, true, 'muscles', 5016, 5, 10, false, '2025-10-22 05:04:05.434176');
INSERT INTO public.lesson_attempts VALUES ('498ddd42-a6b1-41c9-a21a-3eae04aac51b', '5cac427b-7de6-4145-821a-06968139d5fc', 'fuel-for-football', 'step-1', 1, 1, true, 'oats', 4034, 5, 10, false, '2025-10-22 08:45:01.652774');
INSERT INTO public.lesson_attempts VALUES ('3def165d-ebb1-498b-939d-38f5ef8bc5cc', '5cac427b-7de6-4145-821a-06968139d5fc', 'fuel-for-football', 'step-2', 2, 1, true, 'true', 5120, 5, 10, false, '2025-10-22 08:45:12.98037');
INSERT INTO public.lesson_attempts VALUES ('48cc664f-33d1-4d1c-83c9-25a49f77377f', '5cac427b-7de6-4145-821a-06968139d5fc', 'brainfuel-for-school', 'step-1-brain', 1, 1, true, 'brown-rice', 6346, 5, 10, false, '2025-10-22 08:45:25.799888');
INSERT INTO public.lesson_attempts VALUES ('ba30c853-20e0-4b48-8991-afef90ed58df', '5cac427b-7de6-4145-821a-06968139d5fc', 'brainfuel-for-school', 'step-2-brain', 2, 1, true, 'false', 5309, 5, 10, false, '2025-10-22 08:45:35.96101');
INSERT INTO public.lesson_attempts VALUES ('4d9a3efd-de0f-4fdb-b8b9-772dffbd2e36', '5cac427b-7de6-4145-821a-06968139d5fc', 'fuel-for-football', 'step-1', 1, 1, true, 'oats', 4397, 5, 10, false, '2025-10-22 10:43:26.450241');
INSERT INTO public.lesson_attempts VALUES ('86b795d9-6f87-436b-a38b-683961c54061', '5cac427b-7de6-4145-821a-06968139d5fc', 'fuel-for-football', 'step-2', 2, 1, true, 'true', 3890, 5, 10, false, '2025-10-22 10:43:34.183505');
INSERT INTO public.lesson_attempts VALUES ('c6b31a6a-75e9-42f8-bc89-c0ba1bd38f3a', '5cac427b-7de6-4145-821a-06968139d5fc', 'fuel-for-football', 'step-3', 3, 1, true, '{"🥛 Yogurt":"Repairs muscles and strengthens bones","🥣 Oats":"Long-lasting energy for running","🍟 Crisps":"Extra fat, not much help on the pitch"}', 8928, 5, 15, false, '2025-10-22 10:43:52.879156');
INSERT INTO public.lesson_attempts VALUES ('8d043e40-e1f8-4266-b56c-814d858c827d', '5cac427b-7de6-4145-821a-06968139d5fc', 'fuel-for-football', 'step-4', 4, 1, true, 'banana', 2746, 5, 10, false, '2025-10-22 10:43:58.810771');
INSERT INTO public.lesson_attempts VALUES ('541320c4-bd45-45d7-9a38-d515800a708d', '5cac427b-7de6-4145-821a-06968139d5fc', 'fuel-for-football', 'step-5', 5, 1, true, '["pasta","yogurt","broccoli"]', 5793, 5, 10, false, '2025-10-22 10:44:08.01071');
INSERT INTO public.lesson_attempts VALUES ('c1c78ecc-686b-4577-99f4-a7dc59112daa', '5cac427b-7de6-4145-821a-06968139d5fc', 'fuel-for-football', 'step-6', 6, 1, true, 'muscles', 2829, 5, 10, false, '2025-10-22 10:44:14.157309');
INSERT INTO public.lesson_attempts VALUES ('abab9977-dabf-4712-82c1-8f3ca321c6f5', '5cac427b-7de6-4145-821a-06968139d5fc', 'fuel-for-football', 'step-1', 1, 1, true, 'oats', 3879, 5, 10, false, '2025-10-23 10:10:06.238202');
INSERT INTO public.lesson_attempts VALUES ('3ec5fc17-1d53-4245-bdc7-8878451b9ea2', '5cac427b-7de6-4145-821a-06968139d5fc', 'fuel-for-football', 'step-2', 2, 1, true, 'true', 3888, 5, 10, false, '2025-10-23 10:10:13.083165');
INSERT INTO public.lesson_attempts VALUES ('fe7b609b-31ec-4376-acad-480757d0dab1', '5cac427b-7de6-4145-821a-06968139d5fc', 'brainfuel-for-school', 'step-1-brain', 1, 1, true, 'brown-rice', 3821, 5, 10, false, '2025-10-23 10:10:31.540351');
INSERT INTO public.lesson_attempts VALUES ('40119fd9-4ebf-451f-88e4-37b826a5c85c', '5cac427b-7de6-4145-821a-06968139d5fc', 'brainfuel-for-school', 'step-2-brain', 2, 1, true, 'false', 5200, 5, 10, false, '2025-10-23 10:10:39.687355');
INSERT INTO public.lesson_attempts VALUES ('d3cdc4c5-78d1-4160-a50b-9f6158e23ba2', '5cac427b-7de6-4145-821a-06968139d5fc', 'brainfuel-for-school', 'step-3-brain', 3, 1, true, '{"🛡️ Vitamin C":"Helps protect cells (antioxidant)","🧠 Omega-3 fats":"Supports memory & learning (cell membranes)","⚡ B vitamins":"Helps release energy from food for focus","🩸 Iron":"Carries oxygen to the brain (clear thinking)"}', 26707, 5, 15, false, '2025-10-23 10:11:09.147063');
INSERT INTO public.lesson_attempts VALUES ('881d83f2-9803-4016-9779-3f2ae2413b0f', '5cac427b-7de6-4145-821a-06968139d5fc', 'brainfuel-for-school', 'step-4-brain', 4, 1, true, 'banana-nuts', 4156, 5, 10, false, '2025-10-23 10:11:16.579201');
INSERT INTO public.lesson_attempts VALUES ('16f64123-8e1e-4a71-b6ef-8c0e4a6d2eb4', '5cac427b-7de6-4145-821a-06968139d5fc', 'brainfuel-for-school', 'step-5-brain', 5, 1, true, '["chew-mouth","stomach-breakdown","small-intestine","blood-transport"]', 8663, 5, 15, false, '2025-10-23 10:11:29.889985');
INSERT INTO public.lesson_attempts VALUES ('5264e97b-d62d-407c-b294-387d6f80951a', '5cac427b-7de6-4145-821a-06968139d5fc', 'brainfuel-for-school', 'step-6-brain', 6, 1, true, 'tiredness-focus', 5140, 5, 10, false, '2025-10-23 10:11:37.965457');
INSERT INTO public.lesson_attempts VALUES ('a3669638-61e3-4815-bd53-a3bc67be5d02', '5cac427b-7de6-4145-821a-06968139d5fc', 'fuel-for-football', 'step-1', 1, 1, true, 'oats', 2672, 5, 10, false, '2025-10-23 10:19:01.041245');
INSERT INTO public.lesson_attempts VALUES ('4374e0f6-4b43-4b6d-bf79-53b27f36ba2f', '5cac427b-7de6-4145-821a-06968139d5fc', 'brainfuel-for-school', 'step-1-brain', 1, 1, true, 'brown-rice', 4579, 5, 10, false, '2025-10-23 10:19:22.585305');
INSERT INTO public.lesson_attempts VALUES ('12b85ac6-0449-4430-a32f-74a2acdb8d70', '5cac427b-7de6-4145-821a-06968139d5fc', 'brainfuel-for-school', 'step-2-brain', 2, 1, true, 'false', 2593, 5, 10, false, '2025-10-23 10:19:27.956243');
INSERT INTO public.lesson_attempts VALUES ('9198ff98-9a56-4393-942f-e583bee47028', '5cac427b-7de6-4145-821a-06968139d5fc', 'brainfuel-for-school', 'step-3-brain', 3, 1, true, '{"🧠 Omega-3 fats":"Supports memory & learning (cell membranes)","🛡️ Vitamin C":"Helps protect cells (antioxidant)","🩸 Iron":"Carries oxygen to the brain (clear thinking)","⚡ B vitamins":"Helps release energy from food for focus"}', 13277, 5, 15, false, '2025-10-23 10:19:45.04867');
INSERT INTO public.lesson_attempts VALUES ('22ddb194-0499-4b50-b5d3-a79d342e0680', '5cac427b-7de6-4145-821a-06968139d5fc', 'brainfuel-for-school', 'step-4-brain', 4, 1, true, 'banana-nuts', 3739, 5, 10, false, '2025-10-23 10:19:52.774723');
INSERT INTO public.lesson_attempts VALUES ('0dc03f54-a038-4fc2-9c58-2257eb2d5b9c', '5cac427b-7de6-4145-821a-06968139d5fc', 'brainfuel-for-school', 'step-5-brain', 5, 1, true, '["chew-mouth","stomach-breakdown","small-intestine","blood-transport"]', 5843, 5, 15, false, '2025-10-23 10:20:03.181306');
INSERT INTO public.lesson_attempts VALUES ('772f608b-6cb1-46e0-8fae-e0bd24f246fb', '5cac427b-7de6-4145-821a-06968139d5fc', 'brainfuel-for-school', 'step-6-brain', 6, 1, true, 'tiredness-focus', 8716, 5, 10, false, '2025-10-23 10:20:14.851709');
INSERT INTO public.lesson_attempts VALUES ('e2c67218-77aa-4399-9909-df1d8c878d64', '5cac427b-7de6-4145-821a-06968139d5fc', 'fuel-for-football', 'step-1', 1, 1, true, 'oats', 3415, 5, 10, false, '2025-10-24 04:22:30.512952');
INSERT INTO public.lesson_attempts VALUES ('078c6d0f-09b1-40cc-8845-4881a52ef570', '5cac427b-7de6-4145-821a-06968139d5fc', 'fuel-for-football', 'step-2', 2, 1, true, 'true', 3551, 5, 10, false, '2025-10-24 04:22:37.518865');
INSERT INTO public.lesson_attempts VALUES ('2e13913e-4e5c-425d-bd7b-f640bb4d6d2a', '5cac427b-7de6-4145-821a-06968139d5fc', 'brainfuel-for-school', 'step-1-brain', 1, 1, true, 'brown-rice', 3974, 5, 10, false, '2025-10-24 04:22:46.982865');
INSERT INTO public.lesson_attempts VALUES ('225e09b4-03cb-4d00-a794-3398fe1941c2', '5cac427b-7de6-4145-821a-06968139d5fc', 'brainfuel-for-school', 'step-2-brain', 2, 1, true, 'false', 4186, 5, 10, false, '2025-10-24 04:22:54.865754');
INSERT INTO public.lesson_attempts VALUES ('9226d0fb-a8ff-42ef-a584-36ea1b80a785', '5cac427b-7de6-4145-821a-06968139d5fc', 'fuel-for-football', 'step-1', 1, 1, true, 'oats', 2686, 5, 10, false, '2025-10-25 07:46:32.033548');
INSERT INTO public.lesson_attempts VALUES ('2784f275-7a09-4315-94c0-df6cb7c27562', '5cac427b-7de6-4145-821a-06968139d5fc', 'brainfuel-for-school', 'step-1-brain', 1, 1, true, 'brown-rice', 3763, 5, 10, false, '2025-10-25 07:46:49.48324');
INSERT INTO public.lesson_attempts VALUES ('5b183d14-09bf-488e-a5c0-426b77c12e7f', '5cac427b-7de6-4145-821a-06968139d5fc', 'brainfuel-for-school', 'step-2-brain', 2, 1, true, 'false', 3061, 5, 10, false, '2025-10-25 07:46:55.584243');
INSERT INTO public.lesson_attempts VALUES ('d29f5951-12db-4ce0-af86-5ed080e07cf0', 'c67f3928-1e01-4c26-80c3-976857cdb168', 'brainfuel-for-school', 'step-1-brain', 1, 1, true, 'brown-rice', 10093, 5, 10, false, '2025-10-26 08:01:28.21962');


--
-- Data for Name: logs; Type: TABLE DATA; Schema: public; Owner: neondb_owner
--

INSERT INTO public.logs VALUES ('5f371aed-ae6f-4a3f-90b1-2a0b049ad3c8', '828204a6-0c42-49ba-80bd-00fdd37904d4', '2026-01-27', '2026-01-27 06:46:51.270196+00', 'food', 'text', '{"text": "Toast"}', 'energy', 'Nice work! Your body loves these nutritious foods that give you lasting energy.', 15, NULL, NULL);
INSERT INTO public.logs VALUES ('0be2e447-5d99-4150-88f4-741c30ceefdb', 'bdc27d70-f2bb-470c-9bfa-9cdfc9112d4e', '2025-09-02', '2025-09-02 06:13:11.803874+00', 'food', 'emoji', '{"emojis": ["🍎", "🥦"]}', 'focus', 'Excellent pick! These foods help your brain stay sharp and focused.', 25, NULL, NULL);
INSERT INTO public.logs VALUES ('f390fbc5-f7c5-4b8f-b22d-39e54cb971ac', 'bdc27d70-f2bb-470c-9bfa-9cdfc9112d4e', '2025-09-02', '2025-09-02 06:18:58.554762+00', 'food', 'emoji', '{"emojis": ["🫐", "🍎"]}', 'focus', 'Excellent pick! These foods help your brain stay sharp and focused.', 25, NULL, NULL);
INSERT INTO public.logs VALUES ('ef022bbd-4c26-4b93-9271-71787f71afdb', 'bdc27d70-f2bb-470c-9bfa-9cdfc9112d4e', '2025-09-02', '2025-09-02 06:25:19.054705+00', 'food', 'emoji', '{"emojis": ["🍌"]}', 'focus', 'Excellent pick! These foods help your brain stay sharp and focused.', 20, NULL, NULL);
INSERT INTO public.logs VALUES ('6673e135-de7c-4b41-80c1-cb00d7780924', 'bdc27d70-f2bb-470c-9bfa-9cdfc9112d4e', '2025-09-02', '2025-09-02 06:27:08.250818+00', 'food', 'emoji', '{"emojis": ["🍓"]}', 'focus', 'Excellent pick! These foods help your brain stay sharp and focused.', 20, NULL, NULL);
INSERT INTO public.logs VALUES ('6aaca392-69a4-430a-b769-28a952120d02', 'bdc27d70-f2bb-470c-9bfa-9cdfc9112d4e', '2025-09-02', '2025-09-02 06:27:19.515049+00', 'food', 'text', '{"text": "toast"}', 'focus', 'Excellent pick! These foods help your brain stay sharp and focused.', 15, NULL, NULL);
INSERT INTO public.logs VALUES ('bf17a6a9-7ccf-4039-82de-c20022db5561', 'bdc27d70-f2bb-470c-9bfa-9cdfc9112d4e', '2025-09-02', '2025-09-02 08:00:12.102996+00', 'food', 'emoji', '{"emojis": ["🍎", "🍌"]}', 'focus', 'Excellent pick! These foods help your brain stay sharp and focused.', 25, NULL, NULL);
INSERT INTO public.logs VALUES ('bc537b48-ebdd-4a99-9b7d-922f1ab41244', 'bdc27d70-f2bb-470c-9bfa-9cdfc9112d4e', '2025-09-02', '2025-09-02 08:03:02.281897+00', 'food', 'emoji', '{"emojis": ["🍎", "🍌"]}', 'focus', 'Excellent pick! These foods help your brain stay sharp and focused.', 25, NULL, NULL);
INSERT INTO public.logs VALUES ('1baaabd3-a207-4989-941a-9c9150e66d9d', 'bdc27d70-f2bb-470c-9bfa-9cdfc9112d4e', '2025-09-02', '2025-09-02 08:05:46.90256+00', 'food', 'emoji', '{"emojis": ["🍎"]}', 'focus', 'Excellent pick! These foods help your brain stay sharp and focused.', 20, NULL, NULL);
INSERT INTO public.logs VALUES ('572d400f-60f6-4445-a897-b034337243b2', 'bdc27d70-f2bb-470c-9bfa-9cdfc9112d4e', '2025-09-02', '2025-09-02 08:06:55.291769+00', 'food', 'emoji', '{"emojis": ["🍎"]}', 'focus', 'Excellent pick! These foods help your brain stay sharp and focused.', 20, NULL, NULL);
INSERT INTO public.logs VALUES ('f66cd093-8316-4591-acfa-740bd8e7541b', 'bdc27d70-f2bb-470c-9bfa-9cdfc9112d4e', '2025-09-02', '2025-09-02 08:10:51.181102+00', 'food', 'emoji', '{"emojis": ["🍎"]}', 'focus', 'Excellent pick! These foods help your brain stay sharp and focused.', 20, NULL, NULL);
INSERT INTO public.logs VALUES ('11a9335b-ad26-40d8-8b26-2f5121fc10b9', 'bdc27d70-f2bb-470c-9bfa-9cdfc9112d4e', '2025-09-02', '2025-09-02 08:59:04.979309+00', 'food', 'emoji', '{"emojis": ["🍎"]}', 'focus', 'Excellent pick! These foods help your brain stay sharp and focused.', 20, NULL, NULL);
INSERT INTO public.logs VALUES ('87286fce-a0fb-423d-8387-1e5959176a68', 'bdc27d70-f2bb-470c-9bfa-9cdfc9112d4e', '2025-09-02', '2025-09-02 09:02:27.130961+00', 'food', 'emoji', '{"emojis": ["🍎"]}', 'focus', 'Excellent pick! These foods help your brain stay sharp and focused.', 20, NULL, NULL);
INSERT INTO public.logs VALUES ('77f00775-9635-4ff2-9f20-4317a42db882', 'bdc27d70-f2bb-470c-9bfa-9cdfc9112d4e', '2025-09-02', '2025-09-02 09:05:22.106469+00', 'food', 'emoji', '{"emojis": ["🍎"]}', 'focus', 'Excellent pick! These foods help your brain stay sharp and focused.', 20, NULL, NULL);
INSERT INTO public.logs VALUES ('7b49bf3d-777e-409b-a3d4-1f22a96fa06b', 'bdc27d70-f2bb-470c-9bfa-9cdfc9112d4e', '2025-09-02', '2025-09-02 09:11:08.953687+00', 'food', 'emoji', '{"emojis": ["🍎"]}', 'focus', 'Excellent pick! These foods help your brain stay sharp and focused.', 20, NULL, NULL);
INSERT INTO public.logs VALUES ('5154ecf5-51bd-44ca-b11f-b0b43135128e', 'bdc27d70-f2bb-470c-9bfa-9cdfc9112d4e', '2025-09-02', '2025-09-02 09:22:56.493713+00', 'food', 'emoji', '{"emojis": ["🍇"]}', 'focus', 'Excellent pick! These foods help your brain stay sharp and focused.', 20, NULL, NULL);
INSERT INTO public.logs VALUES ('8d1e83ba-16fa-4c8f-8757-b30ff67343c1', 'bdc27d70-f2bb-470c-9bfa-9cdfc9112d4e', '2025-09-02', '2025-09-02 09:24:42.868101+00', 'food', 'emoji', '{"emojis": ["🍇"]}', 'focus', 'Excellent pick! These foods help your brain stay sharp and focused.', 20, NULL, NULL);
INSERT INTO public.logs VALUES ('1fb0025f-489a-4cc2-9399-31cb2b0ddcd0', 'bdc27d70-f2bb-470c-9bfa-9cdfc9112d4e', '2025-09-02', '2025-09-02 09:26:42.906965+00', 'food', 'emoji', '{"emojis": ["🍎"]}', 'focus', 'Excellent pick! These foods help your brain stay sharp and focused.', 20, NULL, NULL);
INSERT INTO public.logs VALUES ('33d76e48-b4bc-442f-a083-85cb5c951183', 'bdc27d70-f2bb-470c-9bfa-9cdfc9112d4e', '2025-09-02', '2025-09-02 09:27:12.42453+00', 'food', 'emoji', '{"emojis": ["🍇", "🫐", "🥕"]}', 'focus', 'Excellent pick! These foods help your brain stay sharp and focused.', 30, NULL, NULL);
INSERT INTO public.logs VALUES ('17a3f43c-8c71-486f-9c74-d3f83f0c02c9', 'bdc27d70-f2bb-470c-9bfa-9cdfc9112d4e', '2025-09-02', '2025-09-02 09:28:56.271258+00', 'food', 'emoji', '{"emojis": ["🍎"]}', 'focus', 'Excellent pick! These foods help your brain stay sharp and focused.', 20, NULL, NULL);
INSERT INTO public.logs VALUES ('e53dcbaf-a84e-40d7-8f5b-9fd1b48ea57a', 'bdc27d70-f2bb-470c-9bfa-9cdfc9112d4e', '2025-09-06', '2025-09-06 03:59:38.761792+00', 'food', 'emoji', '{"emojis": ["🍎", "🍌", "🍊"]}', 'focus', 'Excellent pick! These foods help your brain stay sharp and focused.', 30, NULL, NULL);
INSERT INTO public.logs VALUES ('feef0577-dd31-49d4-b2b4-3d2c651966a4', 'bdc27d70-f2bb-470c-9bfa-9cdfc9112d4e', '2025-09-06', '2025-09-06 06:20:31.335177+00', 'food', 'emoji', '{"emojis": ["🍎", "🍌", "🍊"]}', 'focus', 'Excellent pick! These foods help your brain stay sharp and focused.', 30, NULL, NULL);
INSERT INTO public.logs VALUES ('69e6e82f-394d-4fd8-bfa0-1e7a7119aa58', 'bdc27d70-f2bb-470c-9bfa-9cdfc9112d4e', '2025-09-06', '2025-09-06 06:20:36.246149+00', 'food', 'emoji', '{"emojis": ["🍎", "🍌", "🍊"]}', 'focus', 'Excellent pick! These foods help your brain stay sharp and focused.', 30, NULL, NULL);
INSERT INTO public.logs VALUES ('74d82e8f-a5ac-48d1-902d-fff0005be0cc', 'bdc27d70-f2bb-470c-9bfa-9cdfc9112d4e', '2025-09-06', '2025-09-06 06:20:41.213443+00', 'food', 'emoji', '{"emojis": ["🍎", "🍌", "🍊"]}', 'focus', 'Excellent pick! These foods help your brain stay sharp and focused.', 30, NULL, NULL);
INSERT INTO public.logs VALUES ('fc2c3d4a-0618-4d6b-9e33-a05e7bb6a652', 'bdc27d70-f2bb-470c-9bfa-9cdfc9112d4e', '2025-09-06', '2025-09-06 06:22:31.273325+00', 'food', 'emoji', '{"emojis": ["🍎", "🍌"]}', 'focus', 'Excellent pick! These foods help your brain stay sharp and focused.', 25, NULL, NULL);
INSERT INTO public.logs VALUES ('21ac1c88-4d6d-4e29-9f90-df00a173abf9', 'bdc27d70-f2bb-470c-9bfa-9cdfc9112d4e', '2025-09-06', '2025-09-06 06:32:53.701917+00', 'food', 'emoji', '{"emojis": ["🍎"]}', 'focus', 'Excellent pick! These foods help your brain stay sharp and focused.', 20, NULL, NULL);
INSERT INTO public.logs VALUES ('6afa6658-0825-40c9-8987-0973e180e700', 'bdc27d70-f2bb-470c-9bfa-9cdfc9112d4e', '2025-09-06', '2025-09-06 07:35:00.04535+00', 'food', 'emoji', '{"emojis": ["🍎"]}', 'focus', 'Excellent pick! These foods help your brain stay sharp and focused.', 20, NULL, NULL);
INSERT INTO public.logs VALUES ('328534b5-bad7-4c2f-8c6a-14ba04f42572', 'bdc27d70-f2bb-470c-9bfa-9cdfc9112d4e', '2025-09-06', '2025-09-06 07:37:28.534131+00', 'food', 'emoji', '{"emojis": ["🍎"]}', 'focus', 'Excellent pick! These foods help your brain stay sharp and focused.', 20, NULL, NULL);
INSERT INTO public.logs VALUES ('ea02b446-08f8-4786-81e6-d5ab81783f77', 'bdc27d70-f2bb-470c-9bfa-9cdfc9112d4e', '2025-09-06', '2025-09-06 07:40:47.081228+00', 'food', 'emoji', '{"emojis": ["🍇"]}', 'focus', 'Excellent pick! These foods help your brain stay sharp and focused.', 20, NULL, NULL);
INSERT INTO public.logs VALUES ('bfbcb63c-df13-421c-aecb-7e070405f16e', 'bdc27d70-f2bb-470c-9bfa-9cdfc9112d4e', '2025-09-06', '2025-09-06 11:29:32.441389+00', 'food', 'emoji', '{"emojis": ["🍎"]}', 'focus', 'Excellent pick! These foods help your brain stay sharp and focused.', 20, NULL, NULL);
INSERT INTO public.logs VALUES ('29802b2a-5147-4fa2-b4ff-007b1e98e0d5', 'bdc27d70-f2bb-470c-9bfa-9cdfc9112d4e', '2025-09-06', '2025-09-06 11:31:02.632729+00', 'food', 'emoji', '{"emojis": ["🍎"]}', 'focus', 'Excellent pick! These foods help your brain stay sharp and focused.', 20, NULL, NULL);
INSERT INTO public.logs VALUES ('8d5f359e-f98d-45db-86b0-fd16511dd506', 'bdc27d70-f2bb-470c-9bfa-9cdfc9112d4e', '2025-09-06', '2025-09-06 11:50:06.459826+00', 'food', 'emoji', '{"emojis": ["🍎"]}', 'focus', 'Excellent pick! These foods help your brain stay sharp and focused.', 20, NULL, NULL);
INSERT INTO public.logs VALUES ('f498c044-2555-4154-8c62-e2abd27d3700', 'bdc27d70-f2bb-470c-9bfa-9cdfc9112d4e', '2025-09-07', '2025-09-07 10:14:13.215289+00', 'food', 'emoji', '{"emojis": ["🍎"]}', 'focus', 'Excellent pick! These foods help your brain stay sharp and focused.', 20, NULL, NULL);
INSERT INTO public.logs VALUES ('e8957231-c3ac-4ebe-abdf-dd41b2e272ec', 'bdc27d70-f2bb-470c-9bfa-9cdfc9112d4e', '2025-09-07', '2025-09-07 10:20:17.839567+00', 'food', 'emoji', '{"emojis": ["🍎"]}', 'focus', 'Excellent pick! These foods help your brain stay sharp and focused.', 20, NULL, NULL);
INSERT INTO public.logs VALUES ('e4462e08-c72c-4755-aee1-2dd36114bc1e', 'bdc27d70-f2bb-470c-9bfa-9cdfc9112d4e', '2025-09-07', '2025-09-07 10:21:16.923457+00', 'food', 'emoji', '{"emojis": ["🍎"]}', 'focus', 'Excellent pick! These foods help your brain stay sharp and focused.', 20, NULL, NULL);
INSERT INTO public.logs VALUES ('72b54da4-f0e3-451f-a39f-ef75525e42d8', 'bdc27d70-f2bb-470c-9bfa-9cdfc9112d4e', '2025-09-07', '2025-09-07 10:45:15.646174+00', 'food', 'emoji', '{"emojis": ["🍌", "🍎"]}', 'focus', 'Excellent pick! These foods help your brain stay sharp and focused.', 25, NULL, NULL);
INSERT INTO public.logs VALUES ('a4e0ef41-e7f9-4474-b920-bbfb77032dc2', 'bdc27d70-f2bb-470c-9bfa-9cdfc9112d4e', '2025-09-07', '2025-09-07 10:48:56.35986+00', 'food', 'emoji', '{"emojis": ["🍎", "🥕", "🥯"]}', 'focus', 'Excellent pick! These foods help your brain stay sharp and focused.', 25, NULL, NULL);
INSERT INTO public.logs VALUES ('b573bf0f-3382-40c8-9d01-2697e40877f4', 'bdc27d70-f2bb-470c-9bfa-9cdfc9112d4e', '2025-09-07', '2025-09-07 10:56:59.66825+00', 'food', 'emoji', '{"emojis": ["🍎"]}', 'focus', 'Excellent pick! These foods help your brain stay sharp and focused.', 20, NULL, NULL);
INSERT INTO public.logs VALUES ('5ca488ae-fd20-411d-935e-bf7eb609945a', 'bdc27d70-f2bb-470c-9bfa-9cdfc9112d4e', '2025-09-07', '2025-09-07 10:57:56.204787+00', 'food', 'emoji', '{"emojis": ["🍎", "🍌"]}', 'focus', 'Excellent pick! These foods help your brain stay sharp and focused.', 25, NULL, NULL);
INSERT INTO public.logs VALUES ('2c1e5602-5899-4635-b931-505647e851ee', 'bdc27d70-f2bb-470c-9bfa-9cdfc9112d4e', '2025-09-07', '2025-09-07 11:04:31.203669+00', 'food', 'emoji', '{"emojis": ["🍎", "🥦"]}', 'focus', 'Excellent pick! These foods help your brain stay sharp and focused.', 25, NULL, NULL);
INSERT INTO public.logs VALUES ('c17b3a6b-b16f-4310-90de-163835d23d58', 'bdc27d70-f2bb-470c-9bfa-9cdfc9112d4e', '2025-09-07', '2025-09-07 11:09:59.216049+00', 'food', 'emoji', '{"emojis": ["🥦"]}', 'focus', 'Excellent pick! These foods help your brain stay sharp and focused.', 20, NULL, NULL);
INSERT INTO public.logs VALUES ('def09f11-e34f-4456-ad37-6233fc14d453', 'bdc27d70-f2bb-470c-9bfa-9cdfc9112d4e', '2025-09-07', '2025-09-07 11:21:59.212222+00', 'food', 'emoji', '{"emojis": ["🍎"]}', 'focus', 'Excellent pick! These foods help your brain stay sharp and focused.', 20, NULL, NULL);
INSERT INTO public.logs VALUES ('51a265fd-9975-4595-9af0-6c1941dd0c68', 'bdc27d70-f2bb-470c-9bfa-9cdfc9112d4e', '2025-09-08', '2025-09-08 01:45:57.148983+00', 'food', 'emoji', '{"emojis": ["🍎"]}', 'focus', 'Excellent pick! These foods help your brain stay sharp and focused.', 20, NULL, NULL);
INSERT INTO public.logs VALUES ('733eac62-733f-4c03-8d9e-28e9eb61744c', 'bdc27d70-f2bb-470c-9bfa-9cdfc9112d4e', '2025-09-08', '2025-09-08 01:59:04.310907+00', 'food', 'emoji', '{"emojis": ["🍎"]}', 'focus', 'Excellent pick! These foods help your brain stay sharp and focused.', 20, NULL, NULL);
INSERT INTO public.logs VALUES ('4493a4d5-1f02-415f-a8ef-51a862823ca5', 'bdc27d70-f2bb-470c-9bfa-9cdfc9112d4e', '2025-09-08', '2025-09-08 02:03:28.849931+00', 'food', 'emoji', '{"emojis": ["🍎"]}', 'focus', 'Excellent pick! These foods help your brain stay sharp and focused.', 20, NULL, NULL);
INSERT INTO public.logs VALUES ('c46e1a99-b08a-4884-9355-1aa241f46c58', 'bdc27d70-f2bb-470c-9bfa-9cdfc9112d4e', '2025-09-08', '2025-09-08 02:05:16.324657+00', 'food', 'emoji', '{"emojis": ["🍎"]}', 'focus', 'Excellent pick! These foods help your brain stay sharp and focused.', 20, NULL, NULL);
INSERT INTO public.logs VALUES ('4ff75180-9088-47e9-b675-1b1d1699fc4a', 'bdc27d70-f2bb-470c-9bfa-9cdfc9112d4e', '2025-09-08', '2025-09-08 02:25:53.638612+00', 'food', 'emoji', '{"emojis": ["🍇"]}', 'focus', 'Excellent pick! These foods help your brain stay sharp and focused.', 20, NULL, NULL);
INSERT INTO public.logs VALUES ('bdcb3a37-910f-4db5-88c5-7020139ecf30', 'bdc27d70-f2bb-470c-9bfa-9cdfc9112d4e', '2025-09-08', '2025-09-08 08:18:19.867509+00', 'activity', 'emoji', '{"emojis": ["⚽"]}', 'focus', 'Excellent pick! These foods help your brain stay sharp and focused.', 20, 30, 'happy');
INSERT INTO public.logs VALUES ('175c6fc5-469b-4dc5-9316-f30faac704a8', 'bdc27d70-f2bb-470c-9bfa-9cdfc9112d4e', '2025-09-08', '2025-09-08 08:19:27.384921+00', 'activity', 'emoji', '{"emojis": ["⚽"]}', 'focus', 'Excellent pick! These foods help your brain stay sharp and focused.', 15, 15, 'happy');
INSERT INTO public.logs VALUES ('9f36762a-2fc5-44e4-a945-618a3fbe4fa6', 'bdc27d70-f2bb-470c-9bfa-9cdfc9112d4e', '2025-09-08', '2025-09-08 08:26:38.63051+00', 'activity', 'emoji', '{"emojis": ["🚴"]}', 'focus', 'Excellent pick! These foods help your brain stay sharp and focused.', 20, 30, 'happy');
INSERT INTO public.logs VALUES ('4c158a28-6c44-4f48-b275-020ef81484bd', 'bdc27d70-f2bb-470c-9bfa-9cdfc9112d4e', '2025-09-08', '2025-09-08 12:15:00.028188+00', 'food', 'emoji', '{"emojis": ["🍅"]}', 'focus', 'Excellent pick! These foods help your brain stay sharp and focused.', 20, NULL, NULL);
INSERT INTO public.logs VALUES ('b5ea84d5-6b72-4279-9d27-32b903fe5733', 'bdc27d70-f2bb-470c-9bfa-9cdfc9112d4e', '2025-09-09', '2025-09-09 06:49:06.007213+00', 'food', 'emoji', '{"emojis": ["🍅", "🍞"]}', 'focus', 'Excellent pick! These foods help your brain stay sharp and focused.', 20, NULL, NULL);
INSERT INTO public.logs VALUES ('abe6511a-0c26-4e1a-86ff-bb56c98f141d', 'bdc27d70-f2bb-470c-9bfa-9cdfc9112d4e', '2025-09-09', '2025-09-09 07:18:10.753148+00', 'activity', 'emoji', '{"emojis": ["🚴"]}', 'focus', 'Excellent pick! These foods help your brain stay sharp and focused.', 20, 30, 'happy');
INSERT INTO public.logs VALUES ('784c8272-e0a4-49ac-9aea-795db5d62b34', 'bdc27d70-f2bb-470c-9bfa-9cdfc9112d4e', '2025-09-09', '2025-09-09 10:43:36.3545+00', 'food', 'emoji', '{"emojis": ["🍎"]}', 'focus', 'Excellent pick! These foods help your brain stay sharp and focused.', 20, NULL, NULL);
INSERT INTO public.logs VALUES ('a55853d4-4448-4207-a7c7-d521c9be6b4e', 'bdc27d70-f2bb-470c-9bfa-9cdfc9112d4e', '2025-09-09', '2025-09-09 12:57:43.146541+00', 'activity', 'emoji', '{"emojis": ["🚴"]}', 'focus', 'Excellent pick! These foods help your brain stay sharp and focused.', 20, 30, 'ok');
INSERT INTO public.logs VALUES ('ca427a60-2f0e-40f7-a185-2096609dded3', 'bdc27d70-f2bb-470c-9bfa-9cdfc9112d4e', '2025-09-09', '2025-09-09 13:00:27.223988+00', 'food', 'emoji', '{"emojis": ["🥒", "🥬"]}', 'focus', 'Excellent pick! These foods help your brain stay sharp and focused.', 25, NULL, NULL);
INSERT INTO public.logs VALUES ('3f9314c1-bf86-4534-a44e-239c7bf2bfc4', 'bdc27d70-f2bb-470c-9bfa-9cdfc9112d4e', '2025-09-09', '2025-09-09 13:12:07.467765+00', 'activity', 'emoji', '{"emojis": ["⚽"]}', 'focus', 'Excellent pick! These foods help your brain stay sharp and focused.', 20, 30, 'happy');
INSERT INTO public.logs VALUES ('9c771c3d-0b5a-4721-93ba-5cbf5f327ab8', 'bdc27d70-f2bb-470c-9bfa-9cdfc9112d4e', '2025-09-12', '2025-09-12 07:46:11.800933+00', 'food', 'emoji', '{"emojis": ["🍎"]}', 'focus', 'Excellent pick! These foods help your brain stay sharp and focused.', 20, NULL, NULL);
INSERT INTO public.logs VALUES ('88d4f2e6-553d-4774-9ea8-ffde8aadd2e9', 'bdc27d70-f2bb-470c-9bfa-9cdfc9112d4e', '2025-09-12', '2025-09-12 07:57:59.992829+00', 'food', 'emoji', '{"emojis": ["🥔"]}', 'focus', 'Excellent pick! These foods help your brain stay sharp and focused.', 15, NULL, NULL);
INSERT INTO public.logs VALUES ('c7b5d468-7d5f-4374-b342-1f9449172ea0', 'bdc27d70-f2bb-470c-9bfa-9cdfc9112d4e', '2025-09-12', '2025-09-12 07:58:50.064442+00', 'activity', 'emoji', '{"emojis": ["⚽"]}', 'focus', 'Excellent pick! These foods help your brain stay sharp and focused.', 20, 30, 'ok');
INSERT INTO public.logs VALUES ('2c496b8c-0184-4d7a-b214-372cbab2f049', 'bdc27d70-f2bb-470c-9bfa-9cdfc9112d4e', '2025-09-15', '2025-09-15 11:38:00.372795+00', 'food', 'emoji', '{"emojis": ["🐟", "🥦"]}', 'focus', 'Excellent pick! These foods help your brain stay sharp and focused.', 20, NULL, NULL);
INSERT INTO public.logs VALUES ('37a6b716-668b-4615-86cc-69a527ffc783', 'bdc27d70-f2bb-470c-9bfa-9cdfc9112d4e', '2025-09-15', '2025-09-15 11:40:38.395232+00', 'food', 'text', '{"text": "Apple"}', 'focus', 'Excellent pick! These foods help your brain stay sharp and focused.', 15, NULL, NULL);
INSERT INTO public.logs VALUES ('4aee82db-aa1a-4bbf-9883-8c2b635b149a', '4a978361-d3d6-45af-97a7-2f8af3384965', '2025-09-16', '2025-09-16 13:12:01.273079+00', 'food', 'emoji', '{"emojis": ["🍞", "🫐"]}', 'focus', 'Excellent pick! These foods help your brain stay sharp and focused.', 20, NULL, NULL);
INSERT INTO public.logs VALUES ('3e3c9324-25f6-4f3d-b1f4-d0501a498f61', '4a978361-d3d6-45af-97a7-2f8af3384965', '2025-09-16', '2025-09-16 13:12:59.495773+00', 'activity', 'emoji', '{"emojis": ["🏃"]}', 'focus', 'Excellent pick! These foods help your brain stay sharp and focused.', 20, 30, 'happy');
INSERT INTO public.logs VALUES ('50f92867-e505-4c60-81d7-b495054215ec', '9ae6e880-f61c-4ff9-83b0-51b24406960f', '2025-09-19', '2025-09-19 08:53:51.517608+00', 'food', 'emoji', '{"emojis": ["🍿", "🥤"]}', 'strength', 'Perfect! These foods help build strong muscles and bones.', 15, NULL, NULL);
INSERT INTO public.logs VALUES ('65ea8455-9f98-43ca-b513-f3a0a8277f54', '9ae6e880-f61c-4ff9-83b0-51b24406960f', '2025-09-19', '2025-09-19 08:56:07.321232+00', 'food', 'emoji', '{"emojis": ["🍞", "🥖"]}', 'strength', 'Perfect! These foods help build strong muscles and bones.', 15, NULL, NULL);
INSERT INTO public.logs VALUES ('0c716375-fafe-4aec-9ca7-740b215ee21d', '9ae6e880-f61c-4ff9-83b0-51b24406960f', '2025-09-19', '2025-09-19 08:56:49.713703+00', 'activity', 'emoji', '{"emojis": ["🏃"]}', 'strength', 'Perfect! These foods help build strong muscles and bones.', 20, 30, 'happy');
INSERT INTO public.logs VALUES ('885e73a1-bcc7-4188-8876-0f4924272298', 'bdc27d70-f2bb-470c-9bfa-9cdfc9112d4e', '2025-09-24', '2025-09-24 08:37:55.946704+00', 'food', 'emoji', '{"emojis": ["🍎", "🍌"]}', 'focus', 'Excellent pick! These foods help your brain stay sharp and focused.', 25, NULL, NULL);
INSERT INTO public.logs VALUES ('11929297-4c89-41d2-b7d9-e708c96a2f01', 'bdc27d70-f2bb-470c-9bfa-9cdfc9112d4e', '2025-09-24', '2025-09-24 08:40:21.655902+00', 'food', 'emoji', '{"emojis": ["🍎"]}', 'focus', 'Excellent pick! These foods help your brain stay sharp and focused.', 20, NULL, NULL);
INSERT INTO public.logs VALUES ('2c3a74dd-6c27-4ce9-bf18-af5251fe268b', 'bdc27d70-f2bb-470c-9bfa-9cdfc9112d4e', '2025-09-24', '2025-09-24 08:42:20.575757+00', 'activity', 'emoji', '{"emojis": ["⚽"]}', 'focus', 'Excellent pick! These foods help your brain stay sharp and focused.', 20, 30, 'happy');
INSERT INTO public.logs VALUES ('1b553d22-5636-415a-a511-cf15f8173b32', 'bdc27d70-f2bb-470c-9bfa-9cdfc9112d4e', '2025-09-29', '2025-09-29 06:39:35.277546+00', 'food', 'emoji', '{"emojis": ["🍎", "🥕", "🥛"]}', 'focus', 'Excellent pick! These foods help your brain stay sharp and focused.', 25, NULL, NULL);
INSERT INTO public.logs VALUES ('a92c9da4-5adf-468a-9a4b-90e459c2ca77', 'bdc27d70-f2bb-470c-9bfa-9cdfc9112d4e', '2025-09-29', '2025-09-29 06:40:09.055698+00', 'activity', 'emoji', '{"emojis": ["🏃"]}', 'focus', 'Excellent pick! These foods help your brain stay sharp and focused.', 20, 30, 'happy');
INSERT INTO public.logs VALUES ('808e06af-e584-4ffb-844f-e7e6af6b86bc', 'eca92b65-fe2d-42ed-8827-3edaba265027', '2025-09-29', '2025-09-29 07:59:29.222619+00', 'food', 'emoji', '{"emojis": ["🍌", "🥕", "🥛", "🐟"]}', 'strength', 'Perfect! These foods help build strong muscles and bones.', 25, NULL, NULL);
INSERT INTO public.logs VALUES ('22aad483-9e50-405d-8fb0-416ada19bf06', 'eca92b65-fe2d-42ed-8827-3edaba265027', '2025-09-29', '2025-09-29 07:59:56.520192+00', 'activity', 'emoji', '{"emojis": ["⚽"]}', 'strength', 'Perfect! These foods help build strong muscles and bones.', 30, 60, 'happy');
INSERT INTO public.logs VALUES ('edd2b000-2a10-40b2-ba09-a59013b97fa0', 'bdc27d70-f2bb-470c-9bfa-9cdfc9112d4e', '2025-10-20', '2025-10-20 08:27:33.946014+00', 'food', 'emoji', '{"emojis": ["🍎", "🥦", "🧈"]}', 'focus', 'Excellent pick! These foods help your brain stay sharp and focused.', 25, NULL, NULL);
INSERT INTO public.logs VALUES ('73041505-b46e-4ab7-bda5-3e2a9d76937d', 'bdc27d70-f2bb-470c-9bfa-9cdfc9112d4e', '2025-10-20', '2025-10-20 08:29:26.777572+00', 'food', 'emoji', '{"emojis": ["🍎", "🧈"]}', 'focus', 'Excellent pick! These foods help your brain stay sharp and focused.', 20, NULL, NULL);
INSERT INTO public.logs VALUES ('0ac39123-fc11-496d-8d74-45b0e228bc3f', '5cac427b-7de6-4145-821a-06968139d5fc', '2025-10-21', '2025-10-21 07:28:44.827828+00', 'food', 'emoji', '{"emojis": ["🍎", "🫐", "🥛", "🥚"]}', 'energy', 'Great choice! These foods will help keep your energy up throughout the day.', 25, NULL, NULL);
INSERT INTO public.logs VALUES ('676f5bde-4b14-4607-9e63-48421ce47186', '5cac427b-7de6-4145-821a-06968139d5fc', '2025-10-21', '2025-10-21 07:29:42.359367+00', 'activity', 'emoji', '{"emojis": ["🏊"]}', 'energy', 'Great choice! These foods will help keep your energy up throughout the day.', 20, 30, 'happy');
INSERT INTO public.logs VALUES ('795fb06b-93e2-4731-b017-16a93010004a', '5cac427b-7de6-4145-821a-06968139d5fc', '2025-10-22', '2025-10-22 05:01:29.491906+00', 'food', 'emoji', '{"emojis": ["🍎", "🫑", "🥚"]}', 'energy', 'Great choice! These foods will help keep your energy up throughout the day.', 20, NULL, NULL);
INSERT INTO public.logs VALUES ('7ba682b6-8bc6-4232-9cb1-41942f3a93d7', '5cac427b-7de6-4145-821a-06968139d5fc', '2025-10-22', '2025-10-22 05:02:17.334474+00', 'activity', 'emoji', '{"emojis": ["🕺"]}', 'energy', 'Great choice! These foods will help keep your energy up throughout the day.', 30, 60, 'happy');
INSERT INTO public.logs VALUES ('26657d07-8421-44c5-ae68-b860d6f479e4', '5cac427b-7de6-4145-821a-06968139d5fc', '2025-10-22', '2025-10-22 08:43:56.06155+00', 'food', 'emoji', '{"emojis": ["🍎", "🥕", "🥚"]}', 'energy', 'Great choice! These foods will help keep your energy up throughout the day.', 25, NULL, NULL);
INSERT INTO public.logs VALUES ('79854a26-efee-42c9-a2e1-544384384b8f', '5cac427b-7de6-4145-821a-06968139d5fc', '2025-10-22', '2025-10-22 08:44:26.433536+00', 'activity', 'emoji', '{"emojis": ["🕺"]}', 'energy', 'Great choice! These foods will help keep your energy up throughout the day.', 30, 60, 'happy');
INSERT INTO public.logs VALUES ('c9c4a6da-ec36-42f8-b56b-ebb5d52ad163', '5cac427b-7de6-4145-821a-06968139d5fc', '2025-10-22', '2025-10-22 10:03:05.99341+00', 'food', 'emoji', '{"emojis": ["🍎"]}', 'energy', 'Great choice! These foods will help keep your energy up throughout the day.', 20, NULL, NULL);
INSERT INTO public.logs VALUES ('29ab7235-073f-42a0-9461-a37597de992f', '5cac427b-7de6-4145-821a-06968139d5fc', '2025-10-22', '2025-10-22 10:03:52.408127+00', 'activity', 'emoji', '{"emojis": ["🕺"]}', 'energy', 'Great choice! These foods will help keep your energy up throughout the day.', 30, 60, 'happy');
INSERT INTO public.logs VALUES ('8e205ca9-e6dd-451e-8a5a-22053d7b3437', '5cac427b-7de6-4145-821a-06968139d5fc', '2025-10-22', '2025-10-22 10:42:08.276015+00', 'food', 'emoji', '{"emojis": ["🍎", "🥚"]}', 'energy', 'Great choice! These foods will help keep your energy up throughout the day.', 20, NULL, NULL);
INSERT INTO public.logs VALUES ('568f79e5-e83c-4281-a766-cfaf34dc22b0', '5cac427b-7de6-4145-821a-06968139d5fc', '2025-10-22', '2025-10-22 10:42:46.300095+00', 'activity', 'emoji', '{"emojis": ["🕺"]}', 'energy', 'Great choice! These foods will help keep your energy up throughout the day.', 30, 60, 'happy');
INSERT INTO public.logs VALUES ('c481031f-05bd-4894-821f-76a1a2e8fb01', '5cac427b-7de6-4145-821a-06968139d5fc', '2025-10-23', '2025-10-23 10:08:49.023362+00', 'food', 'emoji', '{"emojis": ["🍎", "🥛", "🥚"]}', 'energy', 'Great choice! These foods will help keep your energy up throughout the day.', 20, NULL, NULL);
INSERT INTO public.logs VALUES ('7b9f17f0-53af-4708-b4f6-19be75232384', '5cac427b-7de6-4145-821a-06968139d5fc', '2025-10-23', '2025-10-23 10:09:30.724252+00', 'activity', 'emoji', '{"emojis": ["🕺"]}', 'energy', 'Great choice! These foods will help keep your energy up throughout the day.', 30, 60, 'happy');
INSERT INTO public.logs VALUES ('02b927fe-87b3-40b3-a806-e2e5f22318f1', '5cac427b-7de6-4145-821a-06968139d5fc', '2025-10-23', '2025-10-23 10:17:41.759294+00', 'food', 'emoji', '{"emojis": ["🍎", "🥕", "🥛", "🥚"]}', 'energy', 'Great choice! These foods will help keep your energy up throughout the day.', 25, NULL, NULL);
INSERT INTO public.logs VALUES ('a246145b-e0d5-4682-8ba7-0a7a4087827e', '5cac427b-7de6-4145-821a-06968139d5fc', '2025-10-23', '2025-10-23 10:18:30.241177+00', 'activity', 'emoji', '{"emojis": ["🕺"]}', 'energy', 'Great choice! These foods will help keep your energy up throughout the day.', 30, 60, 'happy');
INSERT INTO public.logs VALUES ('5ad9c9c3-e905-4799-840d-7dab6880290d', '5cac427b-7de6-4145-821a-06968139d5fc', '2025-10-24', '2025-10-24 04:21:37.067124+00', 'food', 'emoji', '{"emojis": ["🍎", "🥕", "🧈"]}', 'energy', 'Great choice! These foods will help keep your energy up throughout the day.', 25, NULL, NULL);
INSERT INTO public.logs VALUES ('d276cada-e2fb-460c-90f7-08842e46e233', '5cac427b-7de6-4145-821a-06968139d5fc', '2025-10-24', '2025-10-24 04:21:58.974681+00', 'activity', 'emoji', '{"emojis": ["🕺"]}', 'energy', 'Great choice! These foods will help keep your energy up throughout the day.', 30, 60, 'happy');
INSERT INTO public.logs VALUES ('48beb0b6-1e07-4f6a-a160-f533d138cc9c', '5cac427b-7de6-4145-821a-06968139d5fc', '2025-10-25', '2025-10-25 07:45:25.145713+00', 'food', 'emoji', '{"emojis": ["🍎", "🥚"]}', 'energy', 'Great choice! These foods will help keep your energy up throughout the day.', 20, NULL, NULL);
INSERT INTO public.logs VALUES ('928d3add-e147-4707-ad1c-fbc95adb987b', '5cac427b-7de6-4145-821a-06968139d5fc', '2025-10-25', '2025-10-25 07:45:59.952351+00', 'activity', 'emoji', '{"emojis": ["🕺"]}', 'energy', 'Great choice! These foods will help keep your energy up throughout the day.', 30, 60, 'happy');
INSERT INTO public.logs VALUES ('de8f6764-06c5-4aac-9ef8-74be466dca67', 'c67f3928-1e01-4c26-80c3-976857cdb168', '2025-10-26', '2025-10-26 08:00:07.488403+00', 'food', 'emoji', '{"emojis": ["🍎", "🫐", "🥕", "🥔"]}', 'strength', 'Perfect! These foods help build strong muscles and bones.', 30, NULL, NULL);
INSERT INTO public.logs VALUES ('99c36ce0-5268-42b3-8787-2ea059e40c76', '828204a6-0c42-49ba-80bd-00fdd37904d4', '2026-01-27', '2026-01-27 03:54:41.868347+00', 'food', 'emoji', '{"emojis": ["🍎"]}', 'energy', 'Great choice! These foods will help keep your energy up throughout the day.', 20, NULL, NULL);
INSERT INTO public.logs VALUES ('7b0ec423-8a62-46ad-aee6-01d172d7d056', '828204a6-0c42-49ba-80bd-00fdd37904d4', '2026-01-27', '2026-01-27 03:55:09.757483+00', 'activity', 'emoji', '{"emojis": ["🏃"]}', 'energy', 'Great choice! These foods will help keep your energy up throughout the day.', 20, 30, 'happy');
INSERT INTO public.logs VALUES ('968252bf-4058-490f-9002-28ae2019c6e0', '828204a6-0c42-49ba-80bd-00fdd37904d4', '2026-01-27', '2026-01-27 03:57:35.035706+00', 'food', 'emoji', '{"emojis": ["🍎"]}', 'energy', 'Great choice! These foods will help keep your energy up throughout the day.', 20, NULL, NULL);
INSERT INTO public.logs VALUES ('02d6fb4c-4018-43c4-b4f2-6537206bf567', '828204a6-0c42-49ba-80bd-00fdd37904d4', '2026-01-27', '2026-01-27 04:31:16.426132+00', 'food', 'emoji', '{"emojis": ["🍌"]}', 'energy', 'Great choice! These foods will help keep your energy up throughout the day.', 20, NULL, NULL);


--
-- Data for Name: users_backup; Type: TABLE DATA; Schema: public; Owner: neondb_owner
--

INSERT INTO public.users_backup VALUES (3, 'testuser7', 'testpass', 'Test User 7', 'Test User 7', '9-11', 9, 'energy', 'orange', 'test7@example.com', 1, 0, '[]', 0, '2025-08-28 10:54:40.476', NULL, NULL, NULL, '2025-08-28 10:54:40.476', NULL);
INSERT INTO public.users_backup VALUES (6, 'neat', 'Ravneet11', 'neat', 'neat', '12-14', 12, 'energy', 'mascot-happy', 'neetadusanjh@gmail.com', 1, 0, '[]', 0, '2025-08-28 11:13:38.639', NULL, NULL, NULL, '2025-08-28 11:13:38.639', NULL);
INSERT INTO public.users_backup VALUES (7, 'neeta', 'wupGeb-bomhu4-gyxbyx', 'neeta', 'neeta', '12-14', 12, 'focus', 'mascot-smart', 'ninety-spindly0i@icloud.com', 1, 0, '[]', 0, '2025-08-28 11:16:54.092', NULL, NULL, NULL, '2025-08-28 11:16:54.092', NULL);
INSERT INTO public.users_backup VALUES (13, NULL, NULL, NULL, NULL, NULL, NULL, NULL, NULL, 'ravneetdusanjh@gmail.com', 0, 0, '[]', 0, '2025-08-29 09:11:29.423', 'Rav', 'D', NULL, '2025-08-29 09:11:29.423', '37033984');
INSERT INTO public.users_backup VALUES (16, 'testuser999', 'password123', 'Test User 4', 'Test User 4', '9-11', 9, 'energy', 'mascot-01', 'test4@example.com', 1, 0, '[]', 0, '2025-08-31 07:50:24.611', NULL, NULL, NULL, '2025-08-31 07:50:24.611', NULL);


--
-- Data for Name: logs_backup; Type: TABLE DATA; Schema: public; Owner: neondb_owner
--



--
-- Data for Name: streaks; Type: TABLE DATA; Schema: public; Owner: neondb_owner
--

INSERT INTO public.streaks VALUES ('bdc27d70-f2bb-470c-9bfa-9cdfc9112d4e', 1, 1, '2025-09-06', '2025-09-02 06:13:11.943857+00', '2025-09-06 03:59:38.900347+00');


--
-- Data for Name: user_lesson_progress; Type: TABLE DATA; Schema: public; Owner: neondb_owner
--



--
-- Data for Name: xp_events; Type: TABLE DATA; Schema: public; Owner: neondb_owner
--

INSERT INTO public.xp_events VALUES ('f25d3a4a-1ad0-4e7d-bf1d-29a127f2bda0', 'bdc27d70-f2bb-470c-9bfa-9cdfc9112d4e', 20, 'food_log', NULL, '2025-09-06 06:33:02.600502+00');
INSERT INTO public.xp_events VALUES ('454fe34e-04d8-42d5-889a-e8e9b3c4a140', 'bdc27d70-f2bb-470c-9bfa-9cdfc9112d4e', 20, 'food_log', NULL, '2025-09-06 07:33:36.331666+00');
INSERT INTO public.xp_events VALUES ('6795a444-e705-4584-927a-dddee106b3eb', 'bdc27d70-f2bb-470c-9bfa-9cdfc9112d4e', 20, 'food_log', NULL, '2025-09-06 07:33:43.911213+00');
INSERT INTO public.xp_events VALUES ('65c9fe30-6e90-4ec0-9d92-fb06fede6755', 'bdc27d70-f2bb-470c-9bfa-9cdfc9112d4e', 20, 'food_log', NULL, '2025-09-06 07:35:08.694382+00');
INSERT INTO public.xp_events VALUES ('34a683ea-37c8-4015-af80-e3da14625041', 'bdc27d70-f2bb-470c-9bfa-9cdfc9112d4e', 20, 'food_log', NULL, '2025-09-06 07:37:37.126239+00');
INSERT INTO public.xp_events VALUES ('896246f5-68af-4c18-a6d6-1e91e032324b', 'bdc27d70-f2bb-470c-9bfa-9cdfc9112d4e', 20, 'food_log', NULL, '2025-09-06 07:40:56.571698+00');
INSERT INTO public.xp_events VALUES ('fa358e6e-bfe6-49b3-be1b-ea0ba8dd62d2', 'bdc27d70-f2bb-470c-9bfa-9cdfc9112d4e', 20, 'food_log', NULL, '2025-09-06 11:29:41.024368+00');
INSERT INTO public.xp_events VALUES ('d9d961eb-2a30-46a2-bce6-748fc99d5776', 'bdc27d70-f2bb-470c-9bfa-9cdfc9112d4e', 20, 'food_log', NULL, '2025-09-06 11:31:11.260838+00');
INSERT INTO public.xp_events VALUES ('099b664d-49ef-4878-9c99-ff0219f1c825', 'bdc27d70-f2bb-470c-9bfa-9cdfc9112d4e', 20, 'food_log', NULL, '2025-09-06 11:50:15.123509+00');
INSERT INTO public.xp_events VALUES ('60abdb99-2d54-435e-8549-9fcdfa60695e', 'bdc27d70-f2bb-470c-9bfa-9cdfc9112d4e', 20, 'food_log', NULL, '2025-09-07 10:20:26.50173+00');
INSERT INTO public.xp_events VALUES ('d3e2da53-d074-4a5d-a8d8-4767985d4839', 'bdc27d70-f2bb-470c-9bfa-9cdfc9112d4e', 20, 'food_log', NULL, '2025-09-07 10:21:25.494349+00');
INSERT INTO public.xp_events VALUES ('02a7ccb8-dfa0-4fea-999b-972332d4fb8b', 'bdc27d70-f2bb-470c-9bfa-9cdfc9112d4e', 25, 'food_log', NULL, '2025-09-07 10:45:26.140611+00');
INSERT INTO public.xp_events VALUES ('1047915f-4218-49cf-b263-ce707ef9c188', 'bdc27d70-f2bb-470c-9bfa-9cdfc9112d4e', 25, 'food_log', NULL, '2025-09-07 10:49:04.932873+00');
INSERT INTO public.xp_events VALUES ('653adb42-11ab-4c65-bfa9-fcda75ab4d19', 'bdc27d70-f2bb-470c-9bfa-9cdfc9112d4e', 20, 'food_log', NULL, '2025-09-07 10:57:08.310311+00');
INSERT INTO public.xp_events VALUES ('b4cc5064-3afc-4cc7-ad18-d6a6ac9352dd', 'bdc27d70-f2bb-470c-9bfa-9cdfc9112d4e', 25, 'food_log', NULL, '2025-09-07 10:58:04.809914+00');
INSERT INTO public.xp_events VALUES ('58f759cd-4b6c-452c-9eb8-a435535bfce6', 'bdc27d70-f2bb-470c-9bfa-9cdfc9112d4e', 25, 'food_log', NULL, '2025-09-07 11:04:39.800579+00');
INSERT INTO public.xp_events VALUES ('49bd164a-056a-4812-bdd5-5a063a96142c', 'bdc27d70-f2bb-470c-9bfa-9cdfc9112d4e', 20, 'food_log', NULL, '2025-09-07 11:10:07.889844+00');
INSERT INTO public.xp_events VALUES ('d21d48b1-5a2d-4c6d-a0ce-05bb208f00cc', 'bdc27d70-f2bb-470c-9bfa-9cdfc9112d4e', 20, 'food_log', NULL, '2025-09-07 11:22:07.977541+00');
INSERT INTO public.xp_events VALUES ('5d86e7d6-3689-459c-a438-5d0436d00b02', 'bdc27d70-f2bb-470c-9bfa-9cdfc9112d4e', 20, 'food_log', NULL, '2025-09-08 01:46:05.833222+00');
INSERT INTO public.xp_events VALUES ('ec0edb39-84fd-416a-8f4d-bf9197978f4d', 'bdc27d70-f2bb-470c-9bfa-9cdfc9112d4e', 20, 'food_log', NULL, '2025-09-08 01:59:12.922308+00');
INSERT INTO public.xp_events VALUES ('f2690be9-f3e1-4961-9bcf-d30d20e0a729', 'bdc27d70-f2bb-470c-9bfa-9cdfc9112d4e', 20, 'food_log', NULL, '2025-09-08 02:03:37.506191+00');
INSERT INTO public.xp_events VALUES ('0dbe2ed0-1a6b-4d7b-a1dd-9e8a337ba45f', 'bdc27d70-f2bb-470c-9bfa-9cdfc9112d4e', 20, 'food_log', NULL, '2025-09-08 02:05:24.916793+00');
INSERT INTO public.xp_events VALUES ('cbec8983-857e-49c5-8d98-fd3c1ea47f68', 'bdc27d70-f2bb-470c-9bfa-9cdfc9112d4e', 20, 'food_log', NULL, '2025-09-08 02:26:02.255419+00');
INSERT INTO public.xp_events VALUES ('eca91686-a8da-4c3f-a780-09c230db595c', 'bdc27d70-f2bb-470c-9bfa-9cdfc9112d4e', 20, 'food_log', NULL, '2025-09-08 08:18:23.521889+00');
INSERT INTO public.xp_events VALUES ('1c8612d8-6171-4726-8a75-685afd26bd35', 'bdc27d70-f2bb-470c-9bfa-9cdfc9112d4e', 15, 'food_log', NULL, '2025-09-08 08:19:30.9522+00');
INSERT INTO public.xp_events VALUES ('0a07c38f-e21d-4eb3-aeed-b4f97d06dd76', 'bdc27d70-f2bb-470c-9bfa-9cdfc9112d4e', 20, 'food_log', NULL, '2025-09-08 08:26:47.317391+00');
INSERT INTO public.xp_events VALUES ('d11b0194-b46b-44d2-903f-e780af2dedf7', 'bdc27d70-f2bb-470c-9bfa-9cdfc9112d4e', 20, 'food_log', NULL, '2025-09-08 12:15:10.038535+00');
INSERT INTO public.xp_events VALUES ('e522196d-d260-4ae9-8d60-8c5740d576b6', '4a978361-d3d6-45af-97a7-2f8af3384965', 20, 'food_log', NULL, '2025-09-16 13:12:09.212491+00');
INSERT INTO public.xp_events VALUES ('4a9c11c7-6824-48a8-b8b1-976ac2f4673e', '9ae6e880-f61c-4ff9-83b0-51b24406960f', 15, 'food_log', NULL, '2025-09-19 08:54:00.730625+00');
INSERT INTO public.xp_events VALUES ('538445a4-5414-4b5f-9a55-93f3a4437f94', 'eca92b65-fe2d-42ed-8827-3edaba265027', 25, 'food_log', NULL, '2025-09-29 07:59:38.47464+00');
INSERT INTO public.xp_events VALUES ('b5e3e60c-ca0e-486d-8ff4-2d1807f72724', 'eca92b65-fe2d-42ed-8827-3edaba265027', 30, 'food_log', NULL, '2025-09-29 08:00:05.865962+00');
INSERT INTO public.xp_events VALUES ('5cd93a1d-459a-469e-88cb-3a9efe85b08e', 'bdc27d70-f2bb-470c-9bfa-9cdfc9112d4e', 25, 'food_log', NULL, '2025-10-20 08:27:43.837164+00');
INSERT INTO public.xp_events VALUES ('3ae0c181-c57b-4273-a78d-fc3256392c57', '5cac427b-7de6-4145-821a-06968139d5fc', 25, 'food_log', NULL, '2025-10-21 07:28:54.065802+00');
INSERT INTO public.xp_events VALUES ('2a3d0580-5bd9-4bb3-a984-235384d45324', '5cac427b-7de6-4145-821a-06968139d5fc', 20, 'food_log', NULL, '2025-10-22 05:01:38.525237+00');
INSERT INTO public.xp_events VALUES ('f123a75d-7c0c-4193-a24d-646ce20cc452', '5cac427b-7de6-4145-821a-06968139d5fc', 25, 'food_log', NULL, '2025-10-22 08:44:05.072621+00');
INSERT INTO public.xp_events VALUES ('4db84daa-0822-4ad4-b2f7-c5c49f9f822b', '5cac427b-7de6-4145-821a-06968139d5fc', 30, 'food_log', NULL, '2025-10-22 08:44:35.437817+00');
INSERT INTO public.xp_events VALUES ('aa350442-ae15-4b28-b171-51468f4eea6b', '5cac427b-7de6-4145-821a-06968139d5fc', 20, 'food_log', NULL, '2025-10-22 10:03:14.968122+00');
INSERT INTO public.xp_events VALUES ('ec665df8-ff10-4efe-a26b-fd201ed55cf7', '5cac427b-7de6-4145-821a-06968139d5fc', 20, 'food_log', NULL, '2025-10-22 10:42:17.29111+00');
INSERT INTO public.xp_events VALUES ('b2b4f9ff-aed3-467f-a593-09d7a508f5e1', '5cac427b-7de6-4145-821a-06968139d5fc', 20, 'food_log', NULL, '2025-10-23 10:08:58.782648+00');
INSERT INTO public.xp_events VALUES ('5dcd4123-5480-40a1-9f12-61322a3f8210', '5cac427b-7de6-4145-821a-06968139d5fc', 25, 'food_log', NULL, '2025-10-23 10:17:50.802184+00');
INSERT INTO public.xp_events VALUES ('6bedbe17-2c63-4656-a1fb-23e2f7ac2ea5', '5cac427b-7de6-4145-821a-06968139d5fc', 25, 'food_log', NULL, '2025-10-24 04:21:46.085459+00');
INSERT INTO public.xp_events VALUES ('3867bebc-aeb6-44c9-9484-219eaa7964aa', '5cac427b-7de6-4145-821a-06968139d5fc', 30, 'food_log', NULL, '2025-10-24 04:22:07.925839+00');
INSERT INTO public.xp_events VALUES ('e94b75f0-b935-43ce-ba1b-53641624fe72', '828204a6-0c42-49ba-80bd-00fdd37904d4', 20, 'food_log', NULL, '2026-01-27 04:31:26.073001+00');
INSERT INTO public.xp_events VALUES ('f83cdd0b-d431-4e15-8a58-c36aa4c63fe6', '828204a6-0c42-49ba-80bd-00fdd37904d4', 15, 'food_log', NULL, '2026-01-27 06:47:01.653399+00');
INSERT INTO public.xp_events VALUES ('78af7d40-5ea0-4ad4-a885-17dd6fa143f9', '4a978361-d3d6-45af-97a7-2f8af3384965', 20, 'food_log', NULL, '2025-09-16 13:13:07.607205+00');
INSERT INTO public.xp_events VALUES ('1235dcc5-82af-43b0-84a5-49d02d44b93f', '9ae6e880-f61c-4ff9-83b0-51b24406960f', 15, 'food_log', NULL, '2025-09-19 08:56:16.390267+00');
INSERT INTO public.xp_events VALUES ('c26211cb-857a-436c-a90a-70aa69aac776', 'bdc27d70-f2bb-470c-9bfa-9cdfc9112d4e', 20, 'food_log', NULL, '2025-10-20 08:29:35.834426+00');
INSERT INTO public.xp_events VALUES ('568fa0d4-7e88-4e6a-a655-c796285837bb', '5cac427b-7de6-4145-821a-06968139d5fc', 20, 'food_log', NULL, '2025-10-21 07:29:51.53498+00');
INSERT INTO public.xp_events VALUES ('e4ee2979-bb55-49a6-af83-1233fee15b58', '5cac427b-7de6-4145-821a-06968139d5fc', 30, 'food_log', NULL, '2025-10-22 05:02:26.331677+00');
INSERT INTO public.xp_events VALUES ('4a6bae88-1e85-4677-bca9-0c7cdfdbf88f', '5cac427b-7de6-4145-821a-06968139d5fc', 30, 'food_log', NULL, '2025-10-22 10:04:01.3904+00');
INSERT INTO public.xp_events VALUES ('ce925c59-dae3-4b81-8aed-2753d6518960', '5cac427b-7de6-4145-821a-06968139d5fc', 30, 'food_log', NULL, '2025-10-22 10:42:55.281352+00');
INSERT INTO public.xp_events VALUES ('1bcb3279-1172-4bf5-a924-e8e41cb1697f', '5cac427b-7de6-4145-821a-06968139d5fc', 30, 'food_log', NULL, '2025-10-23 10:09:39.757059+00');
INSERT INTO public.xp_events VALUES ('797ab04a-11e7-4117-b59f-e13d485062f1', '5cac427b-7de6-4145-821a-06968139d5fc', 30, 'food_log', NULL, '2025-10-23 10:18:39.350519+00');
INSERT INTO public.xp_events VALUES ('39419aa2-6f9e-459b-9bb0-c751dd02bb3a', 'bdc27d70-f2bb-470c-9bfa-9cdfc9112d4e', 20, 'food_log', NULL, '2025-09-09 06:49:15.058564+00');
INSERT INTO public.xp_events VALUES ('f72f1d8d-9edf-4646-bde1-75d2d0a1c664', 'bdc27d70-f2bb-470c-9bfa-9cdfc9112d4e', 20, 'food_log', NULL, '2025-09-09 07:18:19.911283+00');
INSERT INTO public.xp_events VALUES ('b18c41c5-1e04-429e-a10d-73f0d9c285ab', 'bdc27d70-f2bb-470c-9bfa-9cdfc9112d4e', 20, 'food_log', NULL, '2025-09-09 07:19:16.214904+00');
INSERT INTO public.xp_events VALUES ('205eb595-d887-4bb0-84ad-b8f2c17b2569', 'bdc27d70-f2bb-470c-9bfa-9cdfc9112d4e', 25, 'lesson_demo', NULL, '2025-09-09 10:05:19.32955+00');
INSERT INTO public.xp_events VALUES ('5e7eda57-e764-495d-a0b6-96213d046f2c', 'bdc27d70-f2bb-470c-9bfa-9cdfc9112d4e', 25, 'lesson_demo', NULL, '2025-09-09 10:11:14.088663+00');
INSERT INTO public.xp_events VALUES ('45f67b0a-f665-4d20-93a1-9e43eba421fe', 'bdc27d70-f2bb-470c-9bfa-9cdfc9112d4e', 20, 'food_log', NULL, '2025-09-09 10:43:45.673211+00');
INSERT INTO public.xp_events VALUES ('856390ed-7516-4da8-975a-6c44d9020f5f', 'bdc27d70-f2bb-470c-9bfa-9cdfc9112d4e', 25, 'lesson_demo', NULL, '2025-09-09 10:50:21.647533+00');
INSERT INTO public.xp_events VALUES ('8faade32-f11b-4cc3-9749-b73d255afce9', 'bdc27d70-f2bb-470c-9bfa-9cdfc9112d4e', 20, 'food_log', NULL, '2025-09-09 12:57:53.586475+00');
INSERT INTO public.xp_events VALUES ('bfdcc277-47f1-43cb-8e2a-3437da651ea0', 'bdc27d70-f2bb-470c-9bfa-9cdfc9112d4e', 25, 'lesson_demo', NULL, '2025-09-09 12:59:37.142928+00');
INSERT INTO public.xp_events VALUES ('bbadfe4d-8100-4191-9153-03c4d6b47052', 'bdc27d70-f2bb-470c-9bfa-9cdfc9112d4e', 25, 'food_log', NULL, '2025-09-09 13:00:36.420092+00');
INSERT INTO public.xp_events VALUES ('3406f44f-acbd-4956-aa3a-59449f0abe71', 'bdc27d70-f2bb-470c-9bfa-9cdfc9112d4e', 20, 'food_log', NULL, '2025-09-09 13:12:17.386201+00');
INSERT INTO public.xp_events VALUES ('af421183-1174-4fef-865f-778cc5dbf189', 'bdc27d70-f2bb-470c-9bfa-9cdfc9112d4e', 25, 'lesson_demo', NULL, '2025-09-09 13:14:01.946777+00');
INSERT INTO public.xp_events VALUES ('9a4938ef-dcc2-47fe-8dae-9c55696ba4a5', 'bdc27d70-f2bb-470c-9bfa-9cdfc9112d4e', 20, 'food_log', NULL, '2025-09-12 07:46:20.963756+00');
INSERT INTO public.xp_events VALUES ('9073712a-e1ed-4649-900c-18a75890bd08', 'bdc27d70-f2bb-470c-9bfa-9cdfc9112d4e', 15, 'food_log', NULL, '2025-09-12 07:58:09.152075+00');
INSERT INTO public.xp_events VALUES ('e0595823-0137-427c-a79f-6aa15f8ccd03', 'bdc27d70-f2bb-470c-9bfa-9cdfc9112d4e', 20, 'food_log', NULL, '2025-09-12 07:58:59.221496+00');
INSERT INTO public.xp_events VALUES ('a003dd2a-a79b-465e-b1c9-0359be35ac53', 'bdc27d70-f2bb-470c-9bfa-9cdfc9112d4e', 25, 'lesson_demo', NULL, '2025-09-12 09:46:04.133965+00');
INSERT INTO public.xp_events VALUES ('ceb424dc-6285-46da-bb25-db22a2d09f37', 'bdc27d70-f2bb-470c-9bfa-9cdfc9112d4e', 20, 'food_log', NULL, '2025-09-15 11:38:09.576905+00');
INSERT INTO public.xp_events VALUES ('295dff26-edf4-4903-8382-c76124548764', 'bdc27d70-f2bb-470c-9bfa-9cdfc9112d4e', 25, 'lesson_demo', NULL, '2025-09-15 11:38:49.147777+00');
INSERT INTO public.xp_events VALUES ('07b8e05f-df82-4237-980a-1b14570ea8d9', 'bdc27d70-f2bb-470c-9bfa-9cdfc9112d4e', 25, 'lesson_demo', NULL, '2025-09-15 11:38:50.595553+00');
INSERT INTO public.xp_events VALUES ('209a58aa-87db-4461-83df-32d75c4d23cb', 'bdc27d70-f2bb-470c-9bfa-9cdfc9112d4e', 25, 'lesson_demo', NULL, '2025-09-15 11:39:00.841622+00');
INSERT INTO public.xp_events VALUES ('c6697065-e665-49bf-98f0-375bf2bd64e9', 'bdc27d70-f2bb-470c-9bfa-9cdfc9112d4e', 15, 'food_log', NULL, '2025-09-15 11:40:47.600407+00');
INSERT INTO public.xp_events VALUES ('82cff78b-1c28-42f8-a94d-1c47c38cb521', 'bdc27d70-f2bb-470c-9bfa-9cdfc9112d4e', 25, 'lesson_demo', NULL, '2025-09-16 08:40:25.978723+00');
INSERT INTO public.xp_events VALUES ('3c8e2540-c807-4ff2-afec-079b8622a812', 'bdc27d70-f2bb-470c-9bfa-9cdfc9112d4e', 25, 'food_log', NULL, '2025-09-24 08:38:05.11369+00');
INSERT INTO public.xp_events VALUES ('8c560eea-1fcc-464a-b3a6-fdfdc8e24cd6', 'bdc27d70-f2bb-470c-9bfa-9cdfc9112d4e', 20, 'food_log', NULL, '2025-09-24 08:40:30.88889+00');
INSERT INTO public.xp_events VALUES ('d79ed804-8a58-47ed-b246-95cb0f3db709', 'bdc27d70-f2bb-470c-9bfa-9cdfc9112d4e', 25, 'food_log', NULL, '2025-09-29 06:39:44.455903+00');
INSERT INTO public.xp_events VALUES ('c5ef0bd4-c2ab-420d-ba40-126685ef2efe', '5cac427b-7de6-4145-821a-06968139d5fc', 20, 'food_log', NULL, '2025-10-25 07:45:34.126935+00');
INSERT INTO public.xp_events VALUES ('825f6d25-a598-4c72-bab0-10a2fab63122', 'c67f3928-1e01-4c26-80c3-976857cdb168', 30, 'food_log', NULL, '2025-10-26 08:00:16.619358+00');
INSERT INTO public.xp_events VALUES ('b7dde5f7-463a-41bb-8b77-72d0acf15a80', 'bdc27d70-f2bb-470c-9bfa-9cdfc9112d4e', 20, 'food_log', NULL, '2025-09-24 08:42:30.745521+00');
INSERT INTO public.xp_events VALUES ('8d6cbfe6-7fa3-4545-8d75-92b468491e8b', 'bdc27d70-f2bb-470c-9bfa-9cdfc9112d4e', 20, 'food_log', NULL, '2025-09-29 06:40:18.198355+00');
INSERT INTO public.xp_events VALUES ('49dea0c9-1224-479b-b569-24e18a7aeb10', '5cac427b-7de6-4145-821a-06968139d5fc', 30, 'food_log', NULL, '2025-10-25 07:46:08.952238+00');
INSERT INTO public.xp_events VALUES ('391218ba-6569-4e88-ab87-4a1789986015', '4a978361-d3d6-45af-97a7-2f8af3384965', 25, 'lesson_demo', NULL, '2025-09-16 13:15:32.03757+00');
INSERT INTO public.xp_events VALUES ('e0f24a34-f18f-4d52-98c2-df3a09a27148', '9ae6e880-f61c-4ff9-83b0-51b24406960f', 20, 'food_log', NULL, '2025-09-19 08:56:58.924433+00');
INSERT INTO public.xp_events VALUES ('1a58813a-4823-4401-987b-f7a4bf0ae780', '86acf4b5-c281-40b9-a615-38c2c00d5428', 40, 'lesson', NULL, '2026-01-26 00:00:00+00');
INSERT INTO public.xp_events VALUES ('0113dfa1-8cfb-47f7-8414-d87c400ff2e1', '86acf4b5-c281-40b9-a615-38c2c00d5428', 40, 'lesson', NULL, '2026-01-27 00:00:00+00');
INSERT INTO public.xp_events VALUES ('e64f0937-e3a1-439d-b120-fdedcebdabf0', '86acf4b5-c281-40b9-a615-38c2c00d5428', 40, 'lesson', NULL, '2026-01-28 00:00:00+00');
INSERT INTO public.xp_events VALUES ('528acf89-cb03-4420-a8e7-211e39e4f744', '52e094d1-ec7c-4dbf-b184-969962a73e55', 39, 'lesson', NULL, '2026-01-26 00:00:00+00');
INSERT INTO public.xp_events VALUES ('93bec988-5637-4bbb-8db1-c3b943d2fd14', '52e094d1-ec7c-4dbf-b184-969962a73e55', 39, 'lesson', NULL, '2026-01-27 00:00:00+00');
INSERT INTO public.xp_events VALUES ('25de066f-0d65-4682-a9e6-416709a3aba5', '52e094d1-ec7c-4dbf-b184-969962a73e55', 37, 'lesson', NULL, '2026-01-28 00:00:00+00');
INSERT INTO public.xp_events VALUES ('7e7d4952-9997-4c94-bd3a-b3c511e19837', '5ae1bdce-024c-4048-8b1b-f3d9aa241763', 37, 'lesson', NULL, '2026-01-26 00:00:00+00');
INSERT INTO public.xp_events VALUES ('e0abb54b-f842-480b-a4f1-d8eb94636f21', '5ae1bdce-024c-4048-8b1b-f3d9aa241763', 37, 'lesson', NULL, '2026-01-27 00:00:00+00');
INSERT INTO public.xp_events VALUES ('e97342d4-9761-4143-9b80-78ae3a78a0f6', '5ae1bdce-024c-4048-8b1b-f3d9aa241763', 36, 'lesson', NULL, '2026-01-28 00:00:00+00');
INSERT INTO public.xp_events VALUES ('4869df9e-e8a8-417f-8f66-8eeef71d8b8b', 'e68ca1ac-04fc-455e-92a3-be82a607dd1c', 35, 'lesson', NULL, '2026-01-26 00:00:00+00');
INSERT INTO public.xp_events VALUES ('d311e36a-0d92-4521-bf8d-fcfd6096092f', 'e68ca1ac-04fc-455e-92a3-be82a607dd1c', 35, 'lesson', NULL, '2026-01-27 00:00:00+00');
INSERT INTO public.xp_events VALUES ('cf54e418-8f37-4495-9039-65c1bc7c9ecb', 'e68ca1ac-04fc-455e-92a3-be82a607dd1c', 35, 'lesson', NULL, '2026-01-28 00:00:00+00');
INSERT INTO public.xp_events VALUES ('b9cd8c30-82a6-459f-982e-1ec6517f932d', '22f1864a-f978-40ed-a2ee-548e16796530', 34, 'lesson', NULL, '2026-01-26 00:00:00+00');
INSERT INTO public.xp_events VALUES ('dcad86f7-91e6-41dc-83cb-4953a75c7ff0', '22f1864a-f978-40ed-a2ee-548e16796530', 34, 'lesson', NULL, '2026-01-27 00:00:00+00');
INSERT INTO public.xp_events VALUES ('abeb371b-db29-4cf4-a15b-251cb74acdee', '22f1864a-f978-40ed-a2ee-548e16796530', 32, 'lesson', NULL, '2026-01-28 00:00:00+00');
INSERT INTO public.xp_events VALUES ('cb8c7219-d267-46b8-b746-62c394ffa8b2', '62a09a81-a1f2-49d8-b5bc-f91a8284b89c', 32, 'lesson', NULL, '2026-01-26 00:00:00+00');
INSERT INTO public.xp_events VALUES ('ea21924c-ec5a-4b22-a7f4-bc3e6d2bb2a4', '62a09a81-a1f2-49d8-b5bc-f91a8284b89c', 32, 'lesson', NULL, '2026-01-27 00:00:00+00');
INSERT INTO public.xp_events VALUES ('577aaebf-4888-4cf2-a946-f28926630076', '62a09a81-a1f2-49d8-b5bc-f91a8284b89c', 31, 'lesson', NULL, '2026-01-28 00:00:00+00');
INSERT INTO public.xp_events VALUES ('bf8bb741-d4cb-4511-85aa-158e04c960c6', 'f209d663-3ec5-4cd1-aa67-468171e0b3e7', 30, 'lesson', NULL, '2026-01-26 00:00:00+00');
INSERT INTO public.xp_events VALUES ('55c6ce19-8dd3-4812-aac7-6a1bdb08da69', 'f209d663-3ec5-4cd1-aa67-468171e0b3e7', 30, 'lesson', NULL, '2026-01-27 00:00:00+00');
INSERT INTO public.xp_events VALUES ('faf9fe66-9db9-4f6a-8b14-e93268dc5691', 'f209d663-3ec5-4cd1-aa67-468171e0b3e7', 30, 'lesson', NULL, '2026-01-28 00:00:00+00');
INSERT INTO public.xp_events VALUES ('3254540b-0472-459e-b30f-3f203b45d996', '9c201dad-a60e-474e-a64e-db47d755af17', 29, 'lesson', NULL, '2026-01-26 00:00:00+00');
INSERT INTO public.xp_events VALUES ('9f2b2be9-9d3c-47e2-b09f-c57d3c717ea0', '9c201dad-a60e-474e-a64e-db47d755af17', 29, 'lesson', NULL, '2026-01-27 00:00:00+00');
INSERT INTO public.xp_events VALUES ('8afe702b-7747-415e-9131-1633d375cafe', '9c201dad-a60e-474e-a64e-db47d755af17', 27, 'lesson', NULL, '2026-01-28 00:00:00+00');
INSERT INTO public.xp_events VALUES ('7e404f78-6f0a-43eb-bce0-de46619f048d', '23541eb1-46e5-4ade-b919-0c51c8ecf041', 27, 'lesson', NULL, '2026-01-26 00:00:00+00');
INSERT INTO public.xp_events VALUES ('df120016-e0d6-4e4f-8fb2-2d518f7d61a9', '23541eb1-46e5-4ade-b919-0c51c8ecf041', 27, 'lesson', NULL, '2026-01-27 00:00:00+00');
INSERT INTO public.xp_events VALUES ('e37b353f-7c3f-4947-a447-fe1e2a5d3ffa', '23541eb1-46e5-4ade-b919-0c51c8ecf041', 26, 'lesson', NULL, '2026-01-28 00:00:00+00');
INSERT INTO public.xp_events VALUES ('3287f197-2013-4638-8fc1-cc9ec793ee7a', 'd8e486dd-9c38-4659-bc05-c201380dbddd', 25, 'lesson', NULL, '2026-01-26 00:00:00+00');
INSERT INTO public.xp_events VALUES ('157bec50-e622-4663-93c7-8c575c185dde', 'd8e486dd-9c38-4659-bc05-c201380dbddd', 25, 'lesson', NULL, '2026-01-27 00:00:00+00');
INSERT INTO public.xp_events VALUES ('2a3cc162-049e-4251-ab2e-c9e430d71d25', 'd8e486dd-9c38-4659-bc05-c201380dbddd', 25, 'lesson', NULL, '2026-01-28 00:00:00+00');
INSERT INTO public.xp_events VALUES ('26962ae3-65ec-4251-8a98-fd5ef2ba3cca', '7eb65fcc-0c10-4c32-9e2e-24deec4e6e95', 24, 'lesson', NULL, '2026-01-26 00:00:00+00');
INSERT INTO public.xp_events VALUES ('7ffda498-6ae9-445a-a85a-31b0e5238c23', '7eb65fcc-0c10-4c32-9e2e-24deec4e6e95', 24, 'lesson', NULL, '2026-01-27 00:00:00+00');
INSERT INTO public.xp_events VALUES ('4b396d67-3d4a-4a53-bb67-d743aaccc6b3', '7eb65fcc-0c10-4c32-9e2e-24deec4e6e95', 22, 'lesson', NULL, '2026-01-28 00:00:00+00');
INSERT INTO public.xp_events VALUES ('ed6a2903-0745-454c-898f-015059254f00', '266f13f6-f4bd-43de-924f-79a7bd1c7006', 22, 'lesson', NULL, '2026-01-26 00:00:00+00');
INSERT INTO public.xp_events VALUES ('abcffdb0-ac32-43f1-8d2e-dc1bd4fe5bee', '266f13f6-f4bd-43de-924f-79a7bd1c7006', 22, 'lesson', NULL, '2026-01-27 00:00:00+00');
INSERT INTO public.xp_events VALUES ('ace371fb-e0b7-4885-ad4a-b9fc296bab41', '266f13f6-f4bd-43de-924f-79a7bd1c7006', 21, 'lesson', NULL, '2026-01-28 00:00:00+00');
INSERT INTO public.xp_events VALUES ('971fbf2c-f324-48d9-9a63-631594d9548f', '2319fb3d-28ca-4fed-bffb-007b9ed08c3f', 20, 'lesson', NULL, '2026-01-26 00:00:00+00');
INSERT INTO public.xp_events VALUES ('67469def-9dd0-4a55-9fa2-c0fd84d11ad2', '2319fb3d-28ca-4fed-bffb-007b9ed08c3f', 20, 'lesson', NULL, '2026-01-27 00:00:00+00');
INSERT INTO public.xp_events VALUES ('2285d539-246d-427f-82d1-18c415db6145', '2319fb3d-28ca-4fed-bffb-007b9ed08c3f', 20, 'lesson', NULL, '2026-01-28 00:00:00+00');
INSERT INTO public.xp_events VALUES ('a6f1287e-2c56-485d-a1e8-3fca5795e0df', '1e316e2f-4f73-45ff-9c21-2cb0192df317', 19, 'lesson', NULL, '2026-01-26 00:00:00+00');
INSERT INTO public.xp_events VALUES ('d2c8989b-538a-408b-a895-15b696620e23', '1e316e2f-4f73-45ff-9c21-2cb0192df317', 19, 'lesson', NULL, '2026-01-27 00:00:00+00');
INSERT INTO public.xp_events VALUES ('a27bb632-437b-45e7-ab40-e4a5d844a5a7', '1e316e2f-4f73-45ff-9c21-2cb0192df317', 17, 'lesson', NULL, '2026-01-28 00:00:00+00');
INSERT INTO public.xp_events VALUES ('25c208e0-81e6-41f4-a0fd-063a3a49734a', '595796e3-55a5-48b9-af7b-b553a443a334', 17, 'lesson', NULL, '2026-01-26 00:00:00+00');
INSERT INTO public.xp_events VALUES ('bd1d0760-87ed-4286-af6a-66895e25273e', '595796e3-55a5-48b9-af7b-b553a443a334', 17, 'lesson', NULL, '2026-01-27 00:00:00+00');
INSERT INTO public.xp_events VALUES ('d08faf41-8048-4c97-b7f9-e84ce03dd9a1', '595796e3-55a5-48b9-af7b-b553a443a334', 16, 'lesson', NULL, '2026-01-28 00:00:00+00');
INSERT INTO public.xp_events VALUES ('e4a76475-8973-4b04-a8cf-de348c5e9ca7', '816807ca-bbc8-4050-ad82-dab6aded6efd', 15, 'lesson', NULL, '2026-01-26 00:00:00+00');
INSERT INTO public.xp_events VALUES ('50077f2b-309e-4055-970d-ad60a4535820', '816807ca-bbc8-4050-ad82-dab6aded6efd', 15, 'lesson', NULL, '2026-01-27 00:00:00+00');
INSERT INTO public.xp_events VALUES ('6a218c9e-e0b7-443c-8aab-ab41de1bc366', '816807ca-bbc8-4050-ad82-dab6aded6efd', 15, 'lesson', NULL, '2026-01-28 00:00:00+00');
INSERT INTO public.xp_events VALUES ('2f83542d-c248-4cb1-a458-0478dd29180c', '34887d00-28a6-43fa-b9f0-486298fc96f5', 14, 'lesson', NULL, '2026-01-26 00:00:00+00');
INSERT INTO public.xp_events VALUES ('853bef35-51b7-424d-87e7-4f9049e06efa', '34887d00-28a6-43fa-b9f0-486298fc96f5', 14, 'lesson', NULL, '2026-01-27 00:00:00+00');
INSERT INTO public.xp_events VALUES ('4dd11b0d-f5f1-4968-9c4e-74ac207a7c80', '34887d00-28a6-43fa-b9f0-486298fc96f5', 12, 'lesson', NULL, '2026-01-28 00:00:00+00');
INSERT INTO public.xp_events VALUES ('22847e7a-1a13-40c0-ab2b-5d51032992cb', '95fca22b-198f-4995-911c-c64e0e05b376', 12, 'lesson', NULL, '2026-01-26 00:00:00+00');
INSERT INTO public.xp_events VALUES ('6ef59af3-368d-4150-bd1d-a30f15d4c4a9', '95fca22b-198f-4995-911c-c64e0e05b376', 12, 'lesson', NULL, '2026-01-27 00:00:00+00');
INSERT INTO public.xp_events VALUES ('74a7c3b0-9d88-4f09-812c-a2a1dc42b8d9', '95fca22b-198f-4995-911c-c64e0e05b376', 11, 'lesson', NULL, '2026-01-28 00:00:00+00');
INSERT INTO public.xp_events VALUES ('d2c86691-dae6-4584-be84-50d143299d98', 'b5a4b92e-b1ec-4b91-adcc-13e5a2ede09b', 10, 'lesson', NULL, '2026-01-26 00:00:00+00');
INSERT INTO public.xp_events VALUES ('29486e21-9133-4b09-a8a6-e103e103e124', 'b5a4b92e-b1ec-4b91-adcc-13e5a2ede09b', 10, 'lesson', NULL, '2026-01-27 00:00:00+00');
INSERT INTO public.xp_events VALUES ('1cfbb424-ab6a-4947-993f-b8679bf7316f', 'b5a4b92e-b1ec-4b91-adcc-13e5a2ede09b', 10, 'lesson', NULL, '2026-01-28 00:00:00+00');
INSERT INTO public.xp_events VALUES ('975c2d13-5070-4264-a8a6-5cd6eb4858fd', '963e3f52-cf48-493b-b6b0-cc16bef238da', 9, 'lesson', NULL, '2026-01-26 00:00:00+00');
INSERT INTO public.xp_events VALUES ('e72fe65e-8869-48fa-8fcd-028d7851d6c5', '963e3f52-cf48-493b-b6b0-cc16bef238da', 9, 'lesson', NULL, '2026-01-27 00:00:00+00');
INSERT INTO public.xp_events VALUES ('89cc1ebc-ff14-4285-9c88-dba7a8149a39', '963e3f52-cf48-493b-b6b0-cc16bef238da', 7, 'lesson', NULL, '2026-01-28 00:00:00+00');
INSERT INTO public.xp_events VALUES ('82775e7c-b3f6-40e4-b206-0c4aba710b71', 'ab4d47ba-30e0-4801-8a47-17383a7b3acc', 7, 'lesson', NULL, '2026-01-26 00:00:00+00');
INSERT INTO public.xp_events VALUES ('1efea838-225c-4380-86bc-cb4398aa3e81', 'ab4d47ba-30e0-4801-8a47-17383a7b3acc', 7, 'lesson', NULL, '2026-01-27 00:00:00+00');
INSERT INTO public.xp_events VALUES ('55a02202-d55a-4af4-b6c1-00a4ee6c2425', 'ab4d47ba-30e0-4801-8a47-17383a7b3acc', 6, 'lesson', NULL, '2026-01-28 00:00:00+00');
INSERT INTO public.xp_events VALUES ('c6ace6c0-20f1-43b2-96b9-5b019d9f715a', 'a579684c-3b93-48e4-b2e3-f76fa55a50bb', 6, 'lesson', NULL, '2026-01-26 00:00:00+00');
INSERT INTO public.xp_events VALUES ('e1d91a6f-e66d-4498-8952-2dfade9c0b96', 'a579684c-3b93-48e4-b2e3-f76fa55a50bb', 6, 'lesson', NULL, '2026-01-27 00:00:00+00');
INSERT INTO public.xp_events VALUES ('87440b0c-88a2-4f36-82cd-a1376c0ec131', 'a579684c-3b93-48e4-b2e3-f76fa55a50bb', 6, 'lesson', NULL, '2026-01-28 00:00:00+00');
INSERT INTO public.xp_events VALUES ('d8fe2e33-9f19-44a3-a11e-459c2462c8bf', '25a1a45e-74c7-4cb9-9f05-49785fe3531e', 5, 'lesson', NULL, '2026-01-26 00:00:00+00');
INSERT INTO public.xp_events VALUES ('8527fbf7-fc53-4f32-9895-b49c5ea3c93f', '25a1a45e-74c7-4cb9-9f05-49785fe3531e', 5, 'lesson', NULL, '2026-01-27 00:00:00+00');
INSERT INTO public.xp_events VALUES ('9062e189-053d-434f-99a2-fecb65214404', '25a1a45e-74c7-4cb9-9f05-49785fe3531e', 5, 'lesson', NULL, '2026-01-28 00:00:00+00');
INSERT INTO public.xp_events VALUES ('9688ec84-078e-4d46-b817-3bedcf41d86e', 'c9f2405d-7dee-4a8d-b776-19b5cf96ae2d', 4, 'lesson', NULL, '2026-01-26 00:00:00+00');
INSERT INTO public.xp_events VALUES ('db4e53c1-403c-4b21-8799-2f249d9e3285', 'c9f2405d-7dee-4a8d-b776-19b5cf96ae2d', 4, 'lesson', NULL, '2026-01-27 00:00:00+00');
INSERT INTO public.xp_events VALUES ('b6136c66-9ec3-4134-8994-c7b08022bc60', 'c9f2405d-7dee-4a8d-b776-19b5cf96ae2d', 4, 'lesson', NULL, '2026-01-28 00:00:00+00');
INSERT INTO public.xp_events VALUES ('1b005e87-4e54-4701-98cb-5a87bd5cee78', 'a6030752-85f1-4072-adaa-833f7eb100e2', 4, 'lesson', NULL, '2026-01-26 00:00:00+00');
INSERT INTO public.xp_events VALUES ('6e02b719-9d97-445c-957b-c3ca489f39a4', 'a6030752-85f1-4072-adaa-833f7eb100e2', 4, 'lesson', NULL, '2026-01-27 00:00:00+00');
INSERT INTO public.xp_events VALUES ('b9404fa6-ef1c-4fad-a51a-220e08e02c54', 'a6030752-85f1-4072-adaa-833f7eb100e2', 2, 'lesson', NULL, '2026-01-28 00:00:00+00');
INSERT INTO public.xp_events VALUES ('abb61f26-9cbe-4fa4-b230-e1abcbefb535', 'd536b15b-7426-45ac-88ff-ef4abfb533ee', 3, 'lesson', NULL, '2026-01-26 00:00:00+00');
INSERT INTO public.xp_events VALUES ('a94d1799-2349-4314-a119-69b69fe1d4b1', 'd536b15b-7426-45ac-88ff-ef4abfb533ee', 3, 'lesson', NULL, '2026-01-27 00:00:00+00');
INSERT INTO public.xp_events VALUES ('fb12a9bc-1978-4f48-b2bd-f336ed66f3c4', 'd536b15b-7426-45ac-88ff-ef4abfb533ee', 2, 'lesson', NULL, '2026-01-28 00:00:00+00');
INSERT INTO public.xp_events VALUES ('6048bfc3-78b9-4fc4-9163-0efbc949dacc', '1999f1be-f45f-4ede-8f1e-839d69e0bf03', 2, 'lesson', NULL, '2026-01-26 00:00:00+00');
INSERT INTO public.xp_events VALUES ('393964ff-27f4-4510-8495-0b6c599c8cdb', '1999f1be-f45f-4ede-8f1e-839d69e0bf03', 2, 'lesson', NULL, '2026-01-27 00:00:00+00');
INSERT INTO public.xp_events VALUES ('b616793e-9f09-4881-b4f1-b3793184c023', '1999f1be-f45f-4ede-8f1e-839d69e0bf03', 1, 'lesson', NULL, '2026-01-28 00:00:00+00');
INSERT INTO public.xp_events VALUES ('8274e5f2-5d83-4667-85fb-08cd53d7a140', 'ba9ad20e-1e0a-4318-bee0-c7b51dc1e2c2', 1, 'lesson', NULL, '2026-01-26 00:00:00+00');
INSERT INTO public.xp_events VALUES ('b00aeed8-a6ba-440a-9cc7-3c46d740662f', 'ba9ad20e-1e0a-4318-bee0-c7b51dc1e2c2', 1, 'lesson', NULL, '2026-01-27 00:00:00+00');
INSERT INTO public.xp_events VALUES ('55554684-69bf-414a-96b5-4aa6e9daa5e4', 'ba9ad20e-1e0a-4318-bee0-c7b51dc1e2c2', 1, 'lesson', NULL, '2026-01-28 00:00:00+00');
INSERT INTO public.xp_events VALUES ('411424fc-c476-44d5-9add-744b038238fb', 'b47cef12-b986-4d6b-b169-a2ae43adf3df', 1, 'lesson', NULL, '2026-01-26 00:00:00+00');
INSERT INTO public.xp_events VALUES ('44d5a064-94e0-40b3-8b3d-925b3ca04816', 'b47cef12-b986-4d6b-b169-a2ae43adf3df', 1, 'lesson', NULL, '2026-01-27 00:00:00+00');
INSERT INTO public.xp_events VALUES ('cdf46628-7da4-4f6a-9d73-662ab2f0c3ec', 'b47cef12-b986-4d6b-b169-a2ae43adf3df', 0, 'lesson', NULL, '2026-01-28 00:00:00+00');
INSERT INTO public.xp_events VALUES ('886ff026-4eb3-4919-9c82-7726d2f5bfd9', 'aa5750ab-1486-48e1-975b-bdb786d7670d', 1, 'lesson', NULL, '2026-01-26 00:00:00+00');
INSERT INTO public.xp_events VALUES ('56f20e12-954c-4232-bf4e-db6cb22c03b4', 'aa5750ab-1486-48e1-975b-bdb786d7670d', 1, 'lesson', NULL, '2026-01-27 00:00:00+00');
INSERT INTO public.xp_events VALUES ('a09308cb-e510-4313-b2fa-0e7866b48aa0', 'aa5750ab-1486-48e1-975b-bdb786d7670d', -1, 'lesson', NULL, '2026-01-28 00:00:00+00');


--
-- Name: logs_id_seq; Type: SEQUENCE SET; Schema: public; Owner: neondb_owner
--

SELECT pg_catalog.setval('public.logs_id_seq', 1, false);


--
-- Name: users_id_seq; Type: SEQUENCE SET; Schema: public; Owner: neondb_owner
--

SELECT pg_catalog.setval('public.users_id_seq', 16, true);


--
-- PostgreSQL database dump complete
--

\unrestrict yWjcU76CBBt9JhFahbQAvv3zXnJsfIEMWFDHvArz1KNfh8WFM5OabSoKhfqvFr7

